company_name,website,location,rating,no_of_reviews,employee_size,category,source
Marketbridge,https://ppc.clutch.co/ppc/click/?s=eyJkZWNpc2lvbl9pZCI6ImI1MGQzZTgwLTE4MTUtNGRhZS04ZGRmLTJlMDdhZmMzM2RmNiIsImltcHJlc3Npb25faWQiOiIyMDQwZjZkZC1lMDZhLTQwNzctYmY5NC1mODAxYjBhMDQxMTMiLCJwcm92aWRlcl9pZCI6MTEzNDMwLCJmZWF0dXJlZF9saXN0aW5nX2lkIjo5LCJmZWF0dXJlZF9wb3NpdGlvbl9pZCI6MjM5MzQyLCJwb3NpdGlvbiI6MSwiaXNfc3BvdGxpZ2h0IjpmYWxzZX0:1uOiQx:qwi-JGCrcZZDkulEtdbHvlXoWskDP96APDXcqgHoGTU,"Bethesda, MD",5.0,"11
                        
                            reviews",250 - 999,advertising,Clutch
BrandLume Inc.,https://ppc.clutch.co/ppc/click/?s=eyJkZWNpc2lvbl9pZCI6ImI1MGQzZTgwLTE4MTUtNGRhZS04ZGRmLTJlMDdhZmMzM2RmNiIsImltcHJlc3Npb25faWQiOiI5NTRhYWNmMS02MjM3LTQ3ODYtYWNlZC00ZGNlM2ZlMDQ0YzgiLCJwcm92aWRlcl9pZCI6ODkxODM1LCJmZWF0dXJlZF9saXN0aW5nX2lkIjo5LCJmZWF0dXJlZF9wb3NpdGlvbl9pZCI6MjM2NzgwLCJwb3NpdGlvbiI6MiwiaXNfc3BvdGxpZ2h0IjpmYWxzZX0:1uOiQx:RhJNmCbTLSDXH82lWqrcI5-WqZlpfZ8QpwTOAP2fGUU,"Toronto, Canada",5.0,"81
                        
                            reviews",50 - 249,advertising,Clutch
Setsail Marketing,https://ppc.clutch.co/ppc/click/?s=eyJkZWNpc2lvbl9pZCI6ImI1MGQzZTgwLTE4MTUtNGRhZS04ZGRmLTJlMDdhZmMzM2RmNiIsImltcHJlc3Npb25faWQiOiIwNmFkZTAyYi0wYmRlLTQ3MzItODNhYS01OTdlM2VmYTYyYjMiLCJwcm92aWRlcl9pZCI6MjIwNzY3MywiZmVhdHVyZWRfbGlzdGluZ19pZCI6OSwiZmVhdHVyZWRfcG9zaXRpb25faWQiOjMwODAwNywicG9zaXRpb24iOjMsImlzX3Nwb3RsaWdodCI6ZmFsc2V9:1uOiQx:BHXxPfeuL1G_mkYc0vQ1AIPtJIREJM2JdmL3M-phgcg,"Vancouver, Canada",5.0,"3
                        
                            reviews",10 - 49,advertising,Clutch
Taoti Creative,https://taoti.com/?utm_medium=referral?utm_medium=referral_profile&utm_source=clutch.co,"Washington, DC",4.9,"15
                        
                            reviews",50 - 249,advertising,Clutch
MeDM,https://www.medm.ca/b2b-and-industrial-marketing/?utm_source=clutch.co&utm_medium=referral&utm_campaign=agencies,"Calgary, Canada",5.0,"24
                        
                            reviews",10 - 49,advertising,Clutch
Hotspex Media,https://ppc.clutch.co/ppc/click/?s=eyJkZWNpc2lvbl9pZCI6ImI1MGQzZTgwLTE4MTUtNGRhZS04ZGRmLTJlMDdhZmMzM2RmNiIsImltcHJlc3Npb25faWQiOiJhOTYzNTJhYy1hN2ViLTQ1NWQtOGJjOC01YjZjZjMxZDllN2MiLCJwcm92aWRlcl9pZCI6MTM2MzMxNCwiZmVhdHVyZWRfbGlzdGluZ19pZCI6OSwiZmVhdHVyZWRfcG9zaXRpb25faWQiOjIzOTg4MiwicG9zaXRpb24iOjQsImlzX3Nwb3RsaWdodCI6ZmFsc2V9:1uOiQx:R1hx9pz-WT2k2vi4BrFMtibqCe0Z7NKZ7zx5kH1DBAI,"Toronto, Canada",4.9,"15
                        
                            reviews",10 - 49,advertising,Clutch
Digital Natives,https://ppc.clutch.co/ppc/click/?s=eyJkZWNpc2lvbl9pZCI6ImI1MGQzZTgwLTE4MTUtNGRhZS04ZGRmLTJlMDdhZmMzM2RmNiIsImltcHJlc3Npb25faWQiOiJlZGVhMjVlNy00YTliLTRkYjgtOWM1Ni1hOWU5MDQ5Y2MzMzQiLCJwcm92aWRlcl9pZCI6MjI1Nzc1MywiZmVhdHVyZWRfbGlzdGluZ19pZCI6OSwiZmVhdHVyZWRfcG9zaXRpb25faWQiOjI4NzA2NCwicG9zaXRpb24iOjUsImlzX3Nwb3RsaWdodCI6ZmFsc2V9:1uOiQx:7svee9CRoLK4zRIS_DTTy0kamq4Tv0JBj5RAOw3xppc,,5.0,"10
                        
                            reviews",2 - 9,advertising,Clutch
Foxtail Growth,https://ppc.clutch.co/ppc/click/?s=eyJkZWNpc2lvbl9pZCI6ImI1MGQzZTgwLTE4MTUtNGRhZS04ZGRmLTJlMDdhZmMzM2RmNiIsImltcHJlc3Npb25faWQiOiI0ZDhmOTQ1Mi03MmYwLTRjYzktYWQ1Yi1hNTMwNGQ3ZmExZWQiLCJwcm92aWRlcl9pZCI6MjUwMzgwNCwiZmVhdHVyZWRfbGlzdGluZ19pZCI6OSwiZmVhdHVyZWRfcG9zaXRpb25faWQiOjMwODg4MywicG9zaXRpb24iOjYsImlzX3Nwb3RsaWdodCI6ZmFsc2V9:1uOiQx:4zrKgtYscVoChvVXPwHHNXMdIQKN7N-s4WVXeAMHxe0,,5.0,"4
                        
                            reviews",2 - 9,advertising,Clutch
Strike Digital,https://www.strikedigital.ie/contact/?utm_source=clutch.co&utm_medium=referral&utm_campaign=directory,"Dublin, Ireland",4.9,"32
                        
                            reviews",10 - 49,advertising,Clutch
Laser Sight Digital,https://lasersightdigital.com/?utm_source=clutch.co&utm_medium=referral&utm_campaign=directory,"Kent, WA",5.0,"17
                        
                            reviews",10 - 49,advertising,Clutch
Out Origin,https://outorigin.com/?utm_source=clutch.co&utm_medium=referral&utm_campaign=directory,"Edmonton, Canada",4.8,"49
                        
                            reviews",10 - 49,advertising,Clutch
fishbat Media,https://fishbat.com?utm_source=clutch.co&utm_medium=referral&utm_campaign=agencies,"New York, NY",4.8,"15
                        
                            reviews",10 - 49,advertising,Clutch
5+8,http://www.5plus8.com/?utm_source=clutch.co&utm_medium=referral&utm_campaign=directory,"Houston, TX",5.0,"14
                        
                            reviews",10 - 49,advertising,Clutch
Ninja Promo,https://ppc.clutch.co/ppc/click/?s=eyJkZWNpc2lvbl9pZCI6ImI1MGQzZTgwLTE4MTUtNGRhZS04ZGRmLTJlMDdhZmMzM2RmNiIsImltcHJlc3Npb25faWQiOiIwZWI5MDE4OC1mMzA3LTQ5ODAtOWZlNS03YTUwYzE3YmEwYTgiLCJwcm92aWRlcl9pZCI6Njc1NTE0LCJmZWF0dXJlZF9saXN0aW5nX2lkIjo5LCJmZWF0dXJlZF9wb3NpdGlvbl9pZCI6MjQwNzAxLCJwb3NpdGlvbiI6NywiaXNfc3BvdGxpZ2h0IjpmYWxzZX0:1uOiQx:GoekbwWzjG2fFBGO3MMFz1b7Z90plpWxoYeCkj_cBgg,"New York, NY",4.8,"56
                        
                            reviews",50 - 249,advertising,Clutch
Jives Media,https://ppc.clutch.co/ppc/click/?s=eyJkZWNpc2lvbl9pZCI6ImI1MGQzZTgwLTE4MTUtNGRhZS04ZGRmLTJlMDdhZmMzM2RmNiIsImltcHJlc3Npb25faWQiOiI4NGNmMDAxZS04MDYxLTRmMjktOTNhNy0zNDVhNjMzN2U5MTkiLCJwcm92aWRlcl9pZCI6MTQxMjUwOCwiZmVhdHVyZWRfbGlzdGluZ19pZCI6OSwiZmVhdHVyZWRfcG9zaXRpb25faWQiOjIzOTQ1NCwicG9zaXRpb24iOjgsImlzX3Nwb3RsaWdodCI6ZmFsc2V9:1uOiQx:1NX-mHTGDtAepusZI4dLoLovsajCQUaucUA965GQxhg,"San Francisco, CA",5.0,"332
                        
                            reviews",10 - 49,advertising,Clutch
Courimo,https://ppc.clutch.co/ppc/click/?s=eyJkZWNpc2lvbl9pZCI6ImI1MGQzZTgwLTE4MTUtNGRhZS04ZGRmLTJlMDdhZmMzM2RmNiIsImltcHJlc3Npb25faWQiOiJiZGNmNzI2ZS1hYTNjLTQxNDEtYTg3ZC03YTk0YzU3NjE4YTgiLCJwcm92aWRlcl9pZCI6NTA0OTg3LCJmZWF0dXJlZF9saXN0aW5nX2lkIjo5LCJmZWF0dXJlZF9wb3NpdGlvbl9pZCI6MzAwODE4LCJwb3NpdGlvbiI6OSwiaXNfc3BvdGxpZ2h0IjpmYWxzZX0:1uOiQx:lCpbR_iCDK8SvaChyzDz32Utc2tFG9gM8dai4804gck,"Montreal, Canada",5.0,"32
                        
                            reviews",10 - 49,advertising,Clutch
Wildish & Co.,https://www.wildishandco.co.uk/marketing?utm_source=clutch&utm_medium=clutch&utm_campaign=clutch&utm_id=clutch,"London, England",4.9,"41
                        
                            reviews",10 - 49,advertising,Clutch
The Bureau Of Small Projects,https://www.smallprojectsbureau.com/?utm_source=clutch.co&utm_medium=referral&utm_campaign=agencies,"Rolling Hills Estates, CA",4.9,"65
                        
                            reviews",10 - 49,advertising,Clutch
Out Origin,https://ppc.clutch.co/ppc/click/?s=eyJkZWNpc2lvbl9pZCI6ImI1MGQzZTgwLTE4MTUtNGRhZS04ZGRmLTJlMDdhZmMzM2RmNiIsImltcHJlc3Npb25faWQiOiIzZGM3NzNlMy1lMGY3LTRiYzUtYjQ1Ni1iYTI0MjhjYjE3ZjkiLCJwcm92aWRlcl9pZCI6MTUyNzAyOSwiZmVhdHVyZWRfbGlzdGluZ19pZCI6OSwiZmVhdHVyZWRfcG9zaXRpb25faWQiOjI3ODY2OSwicG9zaXRpb24iOjEwLCJpc19zcG90bGlnaHQiOmZhbHNlfQ:1uOiQx:84jUUhB2tX4hTyz1T6KrbLXUiLp5Ho2QowSvc7GKkZM,"Edmonton, Canada",4.8,"49
                        
                            reviews",10 - 49,advertising,Clutch
Make Us Care,https://ppc.clutch.co/ppc/click/?s=eyJkZWNpc2lvbl9pZCI6ImI1MGQzZTgwLTE4MTUtNGRhZS04ZGRmLTJlMDdhZmMzM2RmNiIsImltcHJlc3Npb25faWQiOiI3MjA0MTdhNS00NjIwLTQyMjctOWI1MS05Y2I0MjNmMzRjNzMiLCJwcm92aWRlcl9pZCI6MTgzODI3MywiZmVhdHVyZWRfbGlzdGluZ19pZCI6OSwiZmVhdHVyZWRfcG9zaXRpb25faWQiOjI3ODI5MCwicG9zaXRpb24iOjExLCJpc19zcG90bGlnaHQiOmZhbHNlfQ:1uOiQx:CS9brjLQqUb5PdbJyPL27AsPfDMTF8kC0kG1dCngT2I,"London, England",4.9,"14
                        
                            reviews",2 - 9,advertising,Clutch
intouch mena,https://ppc.clutch.co/ppc/click/?s=eyJkZWNpc2lvbl9pZCI6ImI1MGQzZTgwLTE4MTUtNGRhZS04ZGRmLTJlMDdhZmMzM2RmNiIsImltcHJlc3Npb25faWQiOiJiYmU3MGNiNi0xNmRlLTQ2NmYtOGIyYi0zZTgxZGU3YTQ0NmUiLCJwcm92aWRlcl9pZCI6MTkxOTYzNCwiZmVhdHVyZWRfbGlzdGluZ19pZCI6OSwiZmVhdHVyZWRfcG9zaXRpb25faWQiOjI3MDQyMiwicG9zaXRpb24iOjEyLCJpc19zcG90bGlnaHQiOmZhbHNlfQ:1uOiQx:L_PEuBxYuk14gr2RbC3sxfirMgjjp6NVbz1oU7Qke6U,"Dubai, United Arab Emirates",4.8,"2
                        
                            reviews",50 - 249,advertising,Clutch
Evolve Agency Group,https://evolve.ca/,"Burlington, Canada",4.9,"10
                        
                            reviews",50 - 249,advertising,Clutch
THIEL,https://thiel.com/?utm_source=clutch.co&utm_medium=referral&utm_campaign=directory,"Milwaukee, WI",5.0,"24
                        
                            reviews",10 - 49,advertising,Clutch
Correct Digital,https://ppc.clutch.co/ppc/click/?s=eyJkZWNpc2lvbl9pZCI6ImI1MGQzZTgwLTE4MTUtNGRhZS04ZGRmLTJlMDdhZmMzM2RmNiIsImltcHJlc3Npb25faWQiOiI0YjcyMTlkZi0zODQ3LTQwZTctOWFmZS01MDM0Y2U0NDUxNmQiLCJwcm92aWRlcl9pZCI6OTQ5NzkyLCJmZWF0dXJlZF9saXN0aW5nX2lkIjo5LCJmZWF0dXJlZF9wb3NpdGlvbl9pZCI6MzA2MDAxLCJwb3NpdGlvbiI6MTMsImlzX3Nwb3RsaWdodCI6ZmFsc2V9:1uOiQx:RX5Eb7Inem64pU23y_d1aiaqaTF4Kgutff7E3Il97o4,"Fort Lauderdale, FL",5.0,"11
                        
                            reviews",2 - 9,advertising,Clutch
Corkboard Concepts,https://ppc.clutch.co/ppc/click/?s=eyJkZWNpc2lvbl9pZCI6ImI1MGQzZTgwLTE4MTUtNGRhZS04ZGRmLTJlMDdhZmMzM2RmNiIsImltcHJlc3Npb25faWQiOiIyZGI4MWRmMy03OTQ0LTQxZjMtODRjNi0yMmIyMzVhNzRhM2QiLCJwcm92aWRlcl9pZCI6MTQzMjkwNywiZmVhdHVyZWRfbGlzdGluZ19pZCI6OSwiZmVhdHVyZWRfcG9zaXRpb25faWQiOjIzODc3MiwicG9zaXRpb24iOjE0LCJpc19zcG90bGlnaHQiOmZhbHNlfQ:1uOiQx:drwLZ1NT2Fj6loJWDIGoDiv7i6aaWwlHZbAjFZr5gLw,"Pittsburgh, PA",5.0,"20
                        
                            reviews",10 - 49,advertising,Clutch
Soup Agency,https://soupagency.com.au/?utm_source=clutch.co&utm_medium=referral&utm_campaign=directory,"Sydney, Australia",4.9,"33
                        
                            reviews",2 - 9,advertising,Clutch
Hunter Digital Marketing,https://hunterdigitalmarketing.com/?utm_source=clutch.co&utm_medium=referral&utm_campaign=directory,"New York, NY",4.9,"11
                        
                            reviews",10 - 49,advertising,Clutch
AJ Marketing,https://www.ajmarketing.io/?utm_source=clutch.co&utm_medium=referral&utm_campaign=directory,Singapore,5.0,"31
                        
                            reviews",10 - 49,advertising,Clutch
Brighter Click,https://www.brighterclick.com,"Raleigh, NC",5.0,"16
                        
                            reviews",2 - 9,advertising,Clutch
HireInfluence,https://hireinfluence.com/?utm_source=clutch.co&utm_medium=referral&utm_campaign=directory,"The Woodlands, TX",4.6,"5
                        
                            reviews",10 - 49,advertising,Clutch
"Quillin Advertising, Public Relations & Social Media",https://www.quillinlv.com/,"Las Vegas, NV",5.0,"7
                        
                            reviews",10 - 49,advertising,Clutch
Granular,https://granularmarketing.com/?utm_source=clutch.co&utm_medium=referral&utm_campaign=directory,"Milwaukee, WI",5.0,"4
                        
                            reviews",10 - 49,advertising,Clutch
Obility,http://www.obilityb2b.com?utm_source=clutch.co&utm_medium=referral&utm_campaign=agencies,"Portland, OR",4.8,"26
                        
                            reviews",10 - 49,advertising,Clutch
Sequence Commerce - The Best Amazon Advertising Agency,https://sequencecommerce.com/?utm_source=clutch.co&utm_medium=referral_profile&utm_campaign=directory,"Toronto, Canada",4.9,"17
                        
                            reviews",250 - 999,advertising,Clutch
INPULSE,https://inpulsedigital.com/advertising-agencies?utm_source=clutch.co&utm_medium=referral&utm_campaign=directory,"Coral Gables, FL",5.0,"5
                        
                            reviews",10 - 49,advertising,Clutch
Make Us Care,https://makeus.care/,"London, England",4.9,"14
                        
                            reviews",2 - 9,advertising,Clutch
Communications Strategy Group (CSG®),https://wearecsg.com/?utm_source=clutch.co&utm_medium=referral&utm_campaign=directory,"Denver, CO",4.9,"18
                        
                            reviews",10 - 49,advertising,Clutch
Neff,https://neffknows.com/?utm_source=clutch.co&utm_medium=referral&utm_campaign=directory,"Philadelphia, PA",5.0,"19
                        
                            reviews",10 - 49,advertising,Clutch
Nativz,https://nativz.io?utm_source=clutch.co&utm_medium=referral&utm_campaign=agencies,"Dallas, TX",5.0,"11
                        
                            reviews",10 - 49,advertising,Clutch
SeedX Inc.,https://seedx.us/?utm_source=clutch.co&utm_medium=referral&utm_campaign=directory,"Los Angeles, CA",5.0,"22
                        
                            reviews",50 - 249,advertising,Clutch
20nine,http://www.20nine.com/?utm_source=clutch.co&utm_medium=referral&utm_campaign=directory,"Conshohocken, PA",4.8,"14
                        
                            reviews",10 - 49,advertising,Clutch
The Media Captain,https://www.themediacaptain.com/?utm_source=clutch.co&utm_medium=referral&utm_campaign=directory,"Columbus, OH",4.9,"38
                        
                            reviews",10 - 49,advertising,Clutch
CSTMR,https://cstmr.com/?utm_source=clutch.co&utm_medium=referral&utm_campaign=directory,"Bee Cave, TX",4.9,"5
                        
                            reviews",10 - 49,advertising,Clutch
(W)right On Communications,https://www.wrightoncomm.com/?utm_source=clutch.co&utm_medium=referral&utm_campaign=directory,"San Diego, CA",5.0,"4
                        
                            reviews",10 - 49,advertising,Clutch
marketer UX,https://www.marketer-ux.com/,"Düsseldorf, Germany",5.0,"12
                        
                            reviews",10 - 49,advertising,Clutch
The Influencer Marketing Factory,https://theinfluencermarketingfactory.com/,"Miami, FL",4.2,"5
                        
                            reviews",50 - 249,advertising,Clutch
Big Red Jelly,https://bigredjelly.com?utm_source=clutch.co&utm_medium=referral&utm_campaign=agencies,"Provo, UT",4.8,"142
                        
                            reviews",10 - 49,advertising,Clutch
ProperExpression,https://www.properexpression.com?utm_source=clutch.co&utm_medium=referral&utm_campaign=profile-view,"McLean, VA",5.0,"12
                        
                            reviews",10 - 49,advertising,Clutch
Rule29,http://rule29.com/?utm_source=clutch.co&utm_medium=referral,"Phoenix, AZ",4.9,"28
                        
                            reviews",2 - 9,advertising,Clutch
OCPR Ltd,https://www.ocpr.co.uk/?utm_source=clutch.co&utm_medium=referral&utm_campaign=directory,"Sheffield, England",5.0,"19
                        
                            reviews",10 - 49,advertising,Clutch
Tegan Digital,https://tegan.io/?utm_source=clutch.co&utm_medium=referral&utm_campaign=directory,"Addison, TX",5.0,"20
                        
                            reviews",10 - 49,advertising,Clutch
Courimo,https://courimo.com/?utm_source=clutch.co&utm_medium=referral&utm_campaign=directory,"Montreal, Canada",5.0,"32
                        
                            reviews",10 - 49,advertising,Clutch
Bandolier Media,https://bandoliermedia.com/?utm_source=clutch.co&utm_medium=referral&utm_campaign=directory,"Austin, TX",5.0,"7
                        
                            reviews",10 - 49,advertising,Clutch
Human Digital,https://humandigital.com?utm_source=clutch.co&utm_medium=referral&utm_campaign=directory,"Sydney, Australia",4.8,"19
                        
                            reviews",2 - 9,advertising,Clutch
"Gel, CPG & Tech, Strategy & Branding",https://gelcomm.com/?utm_source=clutch.co&utm_medium=referral&utm_campaign=agencies,"Burbank, CA",4.9,"13
                        
                            reviews",2 - 9,advertising,Clutch
Comrade Digital Marketing Agency,https://comradeweb.com/?utm_source=clutch.co&utm_medium=referral,"Chicago, IL",4.8,"63
                        
                            reviews",10 - 49,advertising,Clutch
Tenderling Design,http://www.tenderling.com/?utm_source=clutch.co&utm_medium=referral&utm_campaign=directory,"Austin, TX",5.0,"19
                        
                            reviews",10 - 49,advertising,Clutch
zö agency,https://zo.agency/?utm_source=clutch.co&utm_medium=referral&utm_campaign=directory,"Bend, OR",4.9,"22
                        
                            reviews",10 - 49,advertising,Clutch
EL FUEGO BRAND STUDIO,https://www.elfuego.mx/?utm_source=clutch.co&utm_medium=referral&utm_campaign=directory,"Conkal, Mexico",4.8,"19
                        
                            reviews",2 - 9,advertising,Clutch
InterTeam,https://www.interteammarketing.com,"Toronto, Canada",5.0,"19
                        
                            reviews",2 - 9,advertising,Clutch
Storm Brain,https://stormbrain.com/?utm_source=clutch.co&utm_medium=referral&utm_campaign=directory,"Carlsbad, CA",5.0,"119
                        
                            reviews",50 - 249,advertising,Clutch
Roarads,https://roarads.com/,"New York, NY",5.0,"5
                        
                            reviews",10 - 49,advertising,Clutch
Higglo Digital,https://www.higglo.io?utm_source=clutch.co&utm_medium=referral&utm_campaign=directory,"Cheswick, PA",5.0,"9
                        
                            reviews",10 - 49,advertising,Clutch
Arnold Street Agency,https://arnoldstreet.com?utm_source=clutch.co&utm_medium=referral&utm_campaign=agencies,"Toronto, Canada",4.9,"17
                        
                            reviews",10 - 49,advertising,Clutch
REQ,https://req.co/?utm_medium=paid-referral&utm_source=clutch&utm_campaign=top-advertising,"Washington, DC",,,50 - 249,advertising,Clutch
Bob's Your Uncle,http://www.bobsyouruncle.com/?utm_source=clutch.co&utm_medium=referral&utm_campaign=directory,"Toronto, Canada",,,10 - 49,advertising,Clutch
SGK,https://pages.sgkinc.com/clutch-lp.html?advertising&utm_medium=referral&utm_source=clutch.co&utm_campaign=clutch&utm_content=sgkadvertising,"London, England",,,"1,000 - 9,999",advertising,Clutch
SmartSites,https://www.smartsites.com/lp/digital-marketing-lp/?utm_source=clutch.co&utm_medium=referral&utm_campaign=agencies,"Paramus, NJ",,,250 - 999,advertising,Clutch
Trivium Group - Amazon Agency,https://triviumco.com/get-free-audit/?utm_campaign=clutch-profile-agency-review-site&utm_source=clutch%20-%20agency%20review%20site,"Los Angeles, CA",,,50 - 249,advertising,Clutch
Power Digital,https://powerdigitalmarketing.com/growthplan/?utm_source__c=thirdpartydirectory&utm_medium__c=clutch&utm_campaign__c=2024_third_party_directories&utm_content__c=agencies,"San Diego, CA",,,250 - 999,advertising,Clutch
TCF Team,https://thecrowdfundingformula.com/ecommerce-management?utm_source=clutch.co&utm_medium=referral&utm_campaign=directory,,,,50 - 249,advertising,Clutch
Gardner Productions Group,https://gardnerproductionsgroup.com/landing-page/?utm_source=clutch.co&utm_medium=referral&utm_campaign=directory,"Toronto, Canada",,,10 - 49,advertising,Clutch
The Barber Shop Marketing,https://thebarbershopmarketing.com/?utm_source=clutch.co&utm_medium=referral&utm_campaign=directory,"Addison, TX",,,50 - 249,advertising,Clutch
Daniel Brian Advertising,https://danielbrian.com/contact-us/?utm_source=clutch.co&utm_medium=referral&utm_campaign=agencies,"Rochester, MI",,,50 - 249,advertising,Clutch
Onya,https://www.onyamark.com/contact-us-clutch/?utm_source=clutch.co&utm_medium=referral&utm_campaign=directory,"Fishers, IN",,,10 - 49,advertising,Clutch
Savage Global Marketing,https://www.savageglobalmarketing.com/contact-us/clutch/?utm_source=clutch.co&utm_medium=referral&utm_campaign=directory,"Fort Lauderdale, FL",,,10 - 49,advertising,Clutch
Jives Media,https://www.jivesmedia.com/?utm_source=clutch.co&utm_medium=referral&utm_campaign=agencies,"San Francisco, CA",,,10 - 49,advertising,Clutch
Watson Creative,https://watsoncreative.com?utm_source=clutch.co&utm_medium=referral&utm_campaign=agencies,"Portland, OR",,,50 - 249,advertising,Clutch
Nucco,https://www.nucco.co.uk/,"London, England",,,10 - 49,advertising,Clutch
KlientBoost,https://klientboost.com/results/?utm_source=clutch.co&utm_medium=referral&utm_campaign=agencies,"Costa Mesa, CA",,,50 - 249,advertising,Clutch
Rankings.io,https://rankings.io/?utm_source=clutch.co&utm_medium=referral&utm_campaign=agencies,"Marion, IL",,,50 - 249,advertising,Clutch
Ninja Promo,https://ninjapromo.io/?utm_source=clutch.co&utm_medium=referral&utm_campaign=advertising-bundle,"New York, NY",,,50 - 249,advertising,Clutch
Spire Agency,https://www.spireagency.com/?utm_source=clutch.co&utm_medium=referral&utm_campaign=agencies,"Dallas, TX",,,10 - 49,advertising,Clutch
CAYK Marketing Inc.,https://www.cayk.ca/?utm_source=clutch.co&utm_medium=referral&utm_campaign=agencies,"Calgary, Canada",,,10 - 49,advertising,Clutch
Marketbridge,https://www.commcreative.com/?utm_source=clutch.co&utm_medium=referral&utm_campaign=agencies,"Bethesda, MD",,,250 - 999,advertising,Clutch
Zerotrillion,https://www.zerotrillion.com/?utm_source=clutch.co&utm_medium=referral&utm_campaign=directory,"New York, NY",,,50 - 249,advertising,Clutch
Lilo Social,https://lilosocial.com?utm_source=clutch.co&utm_medium=referral&utm_campaign=agencies,"Brooklyn, NY",,,10 - 49,advertising,Clutch
Anchour,https://www.anchour.com?utm_source=clutch.co&utm_medium=referral&utm_campaign=agencies,"Lewiston, ME",,,10 - 49,advertising,Clutch
Let's Get Optimized,https://letsgetoptimized.com?utm_source=clutch.co&utm_medium=referral&utm_campaign=agencies,"Toronto, Canada",,,10 - 49,advertising,Clutch
Funnel Boost Media,https://funnelboostmedia.net/clutch/?utm_source=clutch.co&utm_medium=referral&utm_campaign=agencies,"San Antonio, TX",,,10 - 49,advertising,Clutch
MixDigital,https://mixdigital.agency/?utm_source=clutch&utm_medium=organic,"Kyiv, Ukraine",,,50 - 249,advertising,Clutch
Chello,http://www.chello.com.au,"Redfern, Australia",,,10 - 49,advertising,Clutch
Manifesto Agency,http://www.manifestoagency.com/?utm_source=clutch.co&utm_medium=referrall&utm_campaign=agencies,"Portland, OR",,,10 - 49,advertising,Clutch
Starfish,https://www.starfishco.com/?utm_source=clutch.co&utm_medium=referral&utm_campaign=agencies-paid,"New York, NY",,,10 - 49,advertising,Clutch
WyeWorks,https://wyeworks.com/?utm_source=clutch.co&utm_medium=referral&utm_campaign=developers,"Montevideo, Uruguay",4.9,"10
                        
                            reviews",50 - 249,software,Clutch
CodeFulcrum,https://codefulcrum.com/?utm_source=clutch.co&utm_medium=referral&utm_campaign=developers,"Lahore, Pakistan",4.8,"14
                        
                            reviews",50 - 249,software,Clutch
Activeone,https://activeone.co/?utm_source=clutch.co&utm_medium=referral&utm_campaign=directory,"Medellín, Colombia",4.8,"8
                        
                            reviews",10 - 49,software,Clutch
Vilmate LLC,https://vilmate.com/?utm_source=clutch.co&utm_medium=referral&utm_campaign=developers,"Warszawa, Poland",5.0,"10
                        
                            reviews",50 - 249,software,Clutch
Devstringx Technologies,https://www.devstringx.com/custom-software-development-services?utm_source=clutch.co&utm_medium=referral&utm_campaign=developers,"Noida, India",4.8,"27
                        
                            reviews",250 - 999,software,Clutch
Nybble Group,https://www.nybblegroup.com/contact-us?utm_source=Clutch&utm_medium=referral,"Buenos Aires, Argentina",4.8,"17
                        
                            reviews",50 - 249,software,Clutch
Simform,https://ppc.clutch.co/ppc/click/?s=eyJkZWNpc2lvbl9pZCI6ImQwOWQ2NjcxLWE5YzAtNGFjYS04ZGEyLTcxMWMxOTNkNzRmMiIsImltcHJlc3Npb25faWQiOiJkZWNlMjFhNS1mYmU3LTRjOGMtYTYwZC1jM2Y0ZDBiYjc5ZDAiLCJwcm92aWRlcl9pZCI6MTc1NzIsImZlYXR1cmVkX2xpc3RpbmdfaWQiOjEsImZlYXR1cmVkX3Bvc2l0aW9uX2lkIjoyMzk0OTAsInBvc2l0aW9uIjoxLCJpc19zcG90bGlnaHQiOmZhbHNlfQ:1uOiR8:134wxqpck3RpnRa_UKEMYW_C6leSK-NgHWKJrYMjfuM,"Orlando, FL",4.8,"71
                        
                            reviews","1,000 - 9,999",software,Clutch
TeaCode.io,https://ppc.clutch.co/ppc/click/?s=eyJkZWNpc2lvbl9pZCI6ImQwOWQ2NjcxLWE5YzAtNGFjYS04ZGEyLTcxMWMxOTNkNzRmMiIsImltcHJlc3Npb25faWQiOiI5ZTg2ODJjOC1kMTRkLTQ0MjktOTUxOS1hMmE4NjU0Yzg0ZGMiLCJwcm92aWRlcl9pZCI6ODkxNTY2LCJmZWF0dXJlZF9saXN0aW5nX2lkIjoxLCJmZWF0dXJlZF9wb3NpdGlvbl9pZCI6MjUxNDE5LCJwb3NpdGlvbiI6MiwiaXNfc3BvdGxpZ2h0IjpmYWxzZX0:1uOiR8:0paCLm6JW_4DGZhf5CFSvnD0Do7-ItHgQJqQRckHNhU,"Warszawa, Poland",4.9,"30
                        
                            reviews",50 - 249,software,Clutch
NextLink Labs,https://ppc.clutch.co/ppc/click/?s=eyJkZWNpc2lvbl9pZCI6ImQwOWQ2NjcxLWE5YzAtNGFjYS04ZGEyLTcxMWMxOTNkNzRmMiIsImltcHJlc3Npb25faWQiOiI2MDM5ZDJmMS04NWRkLTQ1MDktODQ0MS1kZmI4MWI0NjBjY2YiLCJwcm92aWRlcl9pZCI6MTcxMzIxMCwiZmVhdHVyZWRfbGlzdGluZ19pZCI6MSwiZmVhdHVyZWRfcG9zaXRpb25faWQiOjI2NTYzMSwicG9zaXRpb24iOjMsImlzX3Nwb3RsaWdodCI6ZmFsc2V9:1uOiR8:poHqK1nHiRDBMwVSwLkPs4HGg8a51ny492m86AIfdN8,"Pittsburgh, PA",5.0,"10
                        
                            reviews",10 - 49,software,Clutch
INOXOFT,https://inoxoft.com/?utm_source=clutch.co&utm_medium=referral&utm_campaign=developers,"Newark, DE",5.0,"64
                        
                            reviews",50 - 249,software,Clutch
Yalantis,https://yalantis.com/?utm_source=clutch.co&utm_medium=referral&utm_campaign=developers,"Warszawa, Poland",4.8,"75
                        
                            reviews",250 - 999,software,Clutch
AgileEngine,https://ppc.clutch.co/ppc/click/?s=eyJkZWNpc2lvbl9pZCI6ImQwOWQ2NjcxLWE5YzAtNGFjYS04ZGEyLTcxMWMxOTNkNzRmMiIsImltcHJlc3Npb25faWQiOiI3OTAyOGE4Ny0xOTVkLTQzNTMtODljZC03M2IxOWNmYmIyZmUiLCJwcm92aWRlcl9pZCI6MTcwMDk1LCJmZWF0dXJlZF9saXN0aW5nX2lkIjoxLCJmZWF0dXJlZF9wb3NpdGlvbl9pZCI6MjM3OTU1LCJwb3NpdGlvbiI6NCwiaXNfc3BvdGxpZ2h0IjpmYWxzZX0:1uOiR8:qWo3FDbSpsEvM-GZ9k8_xZbegz0HY9PV64iHDHtO6iU,"Boca Raton, FL",5.0,"57
                        
                            reviews","1,000 - 9,999",software,Clutch
Qubiz,https://ppc.clutch.co/ppc/click/?s=eyJkZWNpc2lvbl9pZCI6ImQwOWQ2NjcxLWE5YzAtNGFjYS04ZGEyLTcxMWMxOTNkNzRmMiIsImltcHJlc3Npb25faWQiOiIyMDNmYjg2ZS0zMDY0LTQxZTUtOGVjNC02MDBmMGZmYjE2ZjciLCJwcm92aWRlcl9pZCI6MTEyNDI4NiwiZmVhdHVyZWRfbGlzdGluZ19pZCI6MSwiZmVhdHVyZWRfcG9zaXRpb25faWQiOjI5NjU5MiwicG9zaXRpb24iOjUsImlzX3Nwb3RsaWdodCI6ZmFsc2V9:1uOiR8:DNYvu0msgHZ9wahS6LRuryFrVAb05gEt1jA13QuZOnI,"Utrecht, Netherlands",4.6,"10
                        
                            reviews",250 - 999,software,Clutch
EXLRT,https://ppc.clutch.co/ppc/click/?s=eyJkZWNpc2lvbl9pZCI6ImQwOWQ2NjcxLWE5YzAtNGFjYS04ZGEyLTcxMWMxOTNkNzRmMiIsImltcHJlc3Npb25faWQiOiJmZTQ5MjUxNy0yZjIwLTQ3MmEtYWJhYi01Nzk1YjdhOTliYzUiLCJwcm92aWRlcl9pZCI6MTc3MzA1MiwiZmVhdHVyZWRfbGlzdGluZ19pZCI6MSwiZmVhdHVyZWRfcG9zaXRpb25faWQiOjI4OTY0OSwicG9zaXRpb24iOjYsImlzX3Nwb3RsaWdodCI6ZmFsc2V9:1uOiR8:4eCYcOXwtMyDBEDS9RS-BSy0gXi8G4WaibC1KzOKMeE,"Naarden, Netherlands",4.8,"6
                        
                            reviews",50 - 249,software,Clutch
Cleveroad,https://www.cleveroad.com/offer/?utm_source=clutch.co&utm_medium=referral&utm_campaign=developers,"New York, NY",4.9,"74
                        
                            reviews",250 - 999,software,Clutch
Atomic Object,https://atomicobject.com/?utm_source=clutch.co&utm_medium=referral&utm_campaign=directory,"Grand Rapids, MI",4.9,"41
                        
                            reviews",50 - 249,software,Clutch
AgileEngine,https://agileengine.com/?utm_source=clutch.co&utm_medium=referral&utm_campaign=developers,"Boca Raton, FL",5.0,"57
                        
                            reviews","1,000 - 9,999",software,Clutch
Cheesecake Labs,https://cheesecakelabs.com/?utm_source=clutch.co&utm_medium=referral&utm_campaign=developers,"San Francisco, CA",4.9,"59
                        
                            reviews",50 - 249,software,Clutch
Sigma Software Group,https://sigma.software/?utm_source=clutch.co&utm_medium=referral&utm_campaign=directory,"L'viv, Ukraine",4.8,"37
                        
                            reviews","1,000 - 9,999",software,Clutch
Bluelight,https://ppc.clutch.co/ppc/click/?s=eyJkZWNpc2lvbl9pZCI6ImQwOWQ2NjcxLWE5YzAtNGFjYS04ZGEyLTcxMWMxOTNkNzRmMiIsImltcHJlc3Npb25faWQiOiI5YjExMTkwNC0xZTM4LTQxMjgtYTg1ZS1hMjQzMjI1ZDhjYzMiLCJwcm92aWRlcl9pZCI6MTA2Mjc3NiwiZmVhdHVyZWRfbGlzdGluZ19pZCI6MSwiZmVhdHVyZWRfcG9zaXRpb25faWQiOjMwNTk3NywicG9zaXRpb24iOjcsImlzX3Nwb3RsaWdodCI6ZmFsc2V9:1uOiR8:BPdC_8_jCEjBS4WSIc8jXq5QQcYXKe1IkeoKf8E97wE,"Sacramento, CA",5.0,"15
                        
                            reviews",50 - 249,software,Clutch
Code District,https://ppc.clutch.co/ppc/click/?s=eyJkZWNpc2lvbl9pZCI6ImQwOWQ2NjcxLWE5YzAtNGFjYS04ZGEyLTcxMWMxOTNkNzRmMiIsImltcHJlc3Npb25faWQiOiJkYzhkMzM2ZS1kYTRiLTQyYjMtOTlkNi03M2E2NWQwNzlkM2UiLCJwcm92aWRlcl9pZCI6MzUyNDA2LCJmZWF0dXJlZF9saXN0aW5nX2lkIjoxLCJmZWF0dXJlZF9wb3NpdGlvbl9pZCI6Mjc5NjMzLCJwb3NpdGlvbiI6OCwiaXNfc3BvdGxpZ2h0IjpmYWxzZX0:1uOiR8:qCawqoHfyZ8FeZstCDGVRReGwsjvkjqfwzNIO0Ft_FA,"Washington, DC",4.9,"34
                        
                            reviews",250 - 999,software,Clutch
datarockets,https://ppc.clutch.co/ppc/click/?s=eyJkZWNpc2lvbl9pZCI6ImQwOWQ2NjcxLWE5YzAtNGFjYS04ZGEyLTcxMWMxOTNkNzRmMiIsImltcHJlc3Npb25faWQiOiJiYTg5OWFkYi0zNTQ3LTQxNzYtODEwNy02MzBiNzhmYzhmMGYiLCJwcm92aWRlcl9pZCI6MzM4MzcsImZlYXR1cmVkX2xpc3RpbmdfaWQiOjEsImZlYXR1cmVkX3Bvc2l0aW9uX2lkIjoyMzcyMzQsInBvc2l0aW9uIjo5LCJpc19zcG90bGlnaHQiOmZhbHNlfQ:1uOiR8:sa4NPv2YNlM2ijaChhM51A8_47WyrfYo5-VVVNO7HhI,"Toronto, Canada",5.0,"22
                        
                            reviews",10 - 49,software,Clutch
Accedia,https://accedia.com/contacts-accedia/?utm_source=clutch.co&utm_medium=referral&utm_campaign=developers,"Sofia, Bulgaria",4.9,"39
                        
                            reviews",250 - 999,software,Clutch
Saritasa,https://www.saritasa.com/custom-software-development?utm_source=clutch.co&utm_medium=referral&utm_campaign=developers,"Newport Beach, CA",4.8,"99
                        
                            reviews",50 - 249,software,Clutch
DBB Software,https://ppc.clutch.co/ppc/click/?s=eyJkZWNpc2lvbl9pZCI6ImQwOWQ2NjcxLWE5YzAtNGFjYS04ZGEyLTcxMWMxOTNkNzRmMiIsImltcHJlc3Npb25faWQiOiJjYmYwMjNlZi1lODRlLTQzOTYtYTliZi1iMzdjODcwMDkyNTgiLCJwcm92aWRlcl9pZCI6MTk2NjM1OSwiZmVhdHVyZWRfbGlzdGluZ19pZCI6MSwiZmVhdHVyZWRfcG9zaXRpb25faWQiOjI5NTE2MSwicG9zaXRpb24iOjEwLCJpc19zcG90bGlnaHQiOmZhbHNlfQ:1uOiR8:iSDuW-msasW3VJe93A4ib8r6eaFCfSNSM0V7sAihDdM,"Kraków, Poland",5.0,"26
                        
                            reviews",50 - 249,software,Clutch
ROCKETECH,https://ppc.clutch.co/ppc/click/?s=eyJkZWNpc2lvbl9pZCI6ImQwOWQ2NjcxLWE5YzAtNGFjYS04ZGEyLTcxMWMxOTNkNzRmMiIsImltcHJlc3Npb25faWQiOiIwNDdhODhiNS0xNTczLTQ1YmMtOGZlOS1iODZhM2VkOGQyZTgiLCJwcm92aWRlcl9pZCI6NDkwMTQ2LCJmZWF0dXJlZF9saXN0aW5nX2lkIjoxLCJmZWF0dXJlZF9wb3NpdGlvbl9pZCI6MjQxODAzLCJwb3NpdGlvbiI6MTEsImlzX3Nwb3RsaWdodCI6ZmFsc2V9:1uOiR8:PyvFUn5zfmMIYiMaXiHB3hsIawnj_JjpBhUKZ4RhzB8,"Kyiv, Ukraine",4.8,"55
                        
                            reviews",50 - 249,software,Clutch
7EDGE,https://ppc.clutch.co/ppc/click/?s=eyJkZWNpc2lvbl9pZCI6ImQwOWQ2NjcxLWE5YzAtNGFjYS04ZGEyLTcxMWMxOTNkNzRmMiIsImltcHJlc3Npb25faWQiOiIzOTQxNWM2NS1jNDFiLTRjMjYtYjZlZC1lMzBmODMwN2QxNzgiLCJwcm92aWRlcl9pZCI6OTM5MjAwLCJmZWF0dXJlZF9saXN0aW5nX2lkIjoxLCJmZWF0dXJlZF9wb3NpdGlvbl9pZCI6MzIyNTU4LCJwb3NpdGlvbiI6MTIsImlzX3Nwb3RsaWdodCI6ZmFsc2V9:1uOiR8:w1Lh62I_QYP_fY01mdVcxhRYmlj9yxgp2U8RGDKKvOs,"Bengaluru, India",4.9,"23
                        
                            reviews",50 - 249,software,Clutch
Osedea,https://www.osedea.com/landing/software-development/?utm_source=clutch.co&utm_medium=referral&utm_campaign=developers,"Montréal, Canada",4.9,"34
                        
                            reviews",50 - 249,software,Clutch
Django Stars,https://djangostars.com/top-ranked-software-development-company-clutch/,"Kyiv, Ukraine",4.8,"60
                        
                            reviews",50 - 249,software,Clutch
Nexxt Ideas,https://ppc.clutch.co/ppc/click/?s=eyJkZWNpc2lvbl9pZCI6ImQwOWQ2NjcxLWE5YzAtNGFjYS04ZGEyLTcxMWMxOTNkNzRmMiIsImltcHJlc3Npb25faWQiOiJhNzU1Mzk1OS0zYWU4LTRiNjUtODY1OC1iZTY0Y2M4NTVmOWEiLCJwcm92aWRlcl9pZCI6MjM1MTAxMSwiZmVhdHVyZWRfbGlzdGluZ19pZCI6MSwiZmVhdHVyZWRfcG9zaXRpb25faWQiOjMyMDAwNywicG9zaXRpb24iOjEzLCJpc19zcG90bGlnaHQiOmZhbHNlfQ:1uOiR8:xrDXBo43AtU-3pkjSKG9oCoHQ9BW5YHFtwRzAg-Uuuc,"Calgary, Canada",5.0,"6
                        
                            reviews",10 - 49,software,Clutch
WeSoftYou,https://ppc.clutch.co/ppc/click/?s=eyJkZWNpc2lvbl9pZCI6ImQwOWQ2NjcxLWE5YzAtNGFjYS04ZGEyLTcxMWMxOTNkNzRmMiIsImltcHJlc3Npb25faWQiOiI0ZjlkNGVhNy02OGU4LTRmM2YtOTg0Yi01YjQ4ZjZjNTVjYmUiLCJwcm92aWRlcl9pZCI6NTk4NDY4LCJmZWF0dXJlZF9saXN0aW5nX2lkIjoxLCJmZWF0dXJlZF9wb3NpdGlvbl9pZCI6MjQwNjY3LCJwb3NpdGlvbiI6MTQsImlzX3Nwb3RsaWdodCI6ZmFsc2V9:1uOiR8:RS1yQR_kZw2Vqf96QlO8f5yrd1a0Jyzt4M69FeOngXY,"Miami, FL",5.0,"29
                        
                            reviews",50 - 249,software,Clutch
Designli,https://ppc.clutch.co/ppc/click/?s=eyJkZWNpc2lvbl9pZCI6ImQwOWQ2NjcxLWE5YzAtNGFjYS04ZGEyLTcxMWMxOTNkNzRmMiIsImltcHJlc3Npb25faWQiOiI4ZjA2NWQ1My00YmE2LTRmMzAtYjhlNi1iMGU4NTM5YmIwZGYiLCJwcm92aWRlcl9pZCI6NDUxNTcsImZlYXR1cmVkX2xpc3RpbmdfaWQiOjEsImZlYXR1cmVkX3Bvc2l0aW9uX2lkIjoyMzk4NTAsInBvc2l0aW9uIjoxNSwiaXNfc3BvdGxpZ2h0IjpmYWxzZX0:1uOiR8:NLKL9ej041O8VeYrq9fU9v2OBj6xL7TEcGxpDh1LHI4,"Greenville, SC",5.0,"67
                        
                            reviews",50 - 249,software,Clutch
Orases,https://orases.com/?utm_source=clutch.co&utm_medium=referral&utm_campaign=developers,"Frederick, MD",5.0,"69
                        
                            reviews",50 - 249,software,Clutch
"Six Feet Up, Inc.",https://sixfeetup.com/?utm_source=clutch.co&utm_medium=referral&utm_campaign=directory,"Fishers, IN",4.9,"19
                        
                            reviews",10 - 49,software,Clutch
Leobit,https://leobit.com/?utm_source=clutch.co&utm_medium=referral&utm_campaign=developers,"L'viv, Ukraine",4.9,"47
                        
                            reviews",50 - 249,software,Clutch
KITRUM,https://kitrum.com/?utm_source=clutch.co&utm_medium=referral&utm_campaign=directory,"Tampa, FL",5.0,"64
                        
                            reviews",250 - 999,software,Clutch
Diffco,https://diffco.us/?utm_source=clutch.co&utm_medium=referral&utm_campaign=developers,"San Jose, CA",5.0,"30
                        
                            reviews",50 - 249,software,Clutch
Newwave Solutions,https://newwavesolution.com/software-development-services/?utm_source=clutch.co&utm_medium=referral&utm_campaign=clutch_custom_software&utm_content=top_custom_software,"Hanoi, Vietnam",4.9,"65
                        
                            reviews",250 - 999,software,Clutch
Rootquotient,https://rootquotient.com/?utm_source=clutch.co&utm_medium=referral&utm_campaign=developers,"Toronto, Canada",4.9,"44
                        
                            reviews",50 - 249,software,Clutch
10Clouds,https://10clouds.com/clutch/work-with-us/?utm_source=clutch.co&utm_medium=referral&utm_campaign=developers,"Warszawa, Poland",4.9,"88
                        
                            reviews",50 - 249,software,Clutch
SOLTECH,https://soltech.net/?utm_source=clutch.co&utm_medium=referral&utm_campaign=directory,"Atlanta, GA",4.9,"48
                        
                            reviews",50 - 249,software,Clutch
DOOR3,https://www.door3.com/?utm_source=clutch.co&utm_medium=referral,"New York, NY",4.9,"42
                        
                            reviews",50 - 249,software,Clutch
Redberry,https://redberry.international/custom-software-development/?utm_source=clutch&utm_medium=ad&utm_campaign=spotlight,"T'bilisi, Georgia",5.0,"31
                        
                            reviews",50 - 249,software,Clutch
Andersen Inc.,https://andersenlab.com/?utm_source=clutch.co&utm_medium=referral&utm_campaign=developers,"Warszawa, Poland",4.9,"126
                        
                            reviews","1,000 - 9,999",software,Clutch
Edvantis,https://www.edvantis.com/service/software-engineering-services/?utm_source=clutch.co&utm_medium=referral&utm_campaign=developers,"Rzeszów, Poland",4.8,"38
                        
                            reviews",250 - 999,software,Clutch
Apzumi,http://www.apzumi.com/?utm_source=clutch.co&utm_medium=referral,"Poznań, Poland",4.9,"45
                        
                            reviews",50 - 249,software,Clutch
WEZOM,https://wezom.com/?utm_source=clutch.co&utm_medium=referral&utm_campaign=developers,"Schaumburg, IL",5.0,"43
                        
                            reviews",250 - 999,software,Clutch
itCraft,https://itcraftapps.com/?utm_source=clutch.co&utm_medium=referral&utm_campaign=profile,"Warszawa, Poland",5.0,"68
                        
                            reviews",50 - 249,software,Clutch
Blazity,https://blazity.com?utm_source=clutch.co&utm_medium=referral&utm_campaign=developers,"Warszawa, Poland",5.0,"27
                        
                            reviews",10 - 49,software,Clutch
UplineSoft,https://uplinesoft.com/?utm_source=clutch.co&utm_medium=referral&utm_campaign=developers,"New York, NY",5.0,"51
                        
                            reviews",250 - 999,software,Clutch
Synodus,https://synodus.com/?utm_source=clutch.co&utm_medium=referral&utm_campaign=developers,"Hanoi, Vietnam",5.0,"44
                        
                            reviews",250 - 999,software,Clutch
datarockets,https://datarockets.com/capabilities/?utm_source=clutch.co&utm_medium=referral&utm_campaign=profile,"Toronto, Canada",5.0,"22
                        
                            reviews",10 - 49,software,Clutch
Appinventiv,https://appinventiv.com/contact/?utm_source=Clutch&utm_medium=referral&utm_campaign=developers,"New York, NY",4.7,"88
                        
                            reviews","1,000 - 9,999",software,Clutch
Digiryte,https://digiryte.com/clutch/?utm_source=clutch.co&utm_medium=referral&utm_campaign=developers,"Salford, England",4.9,"50
                        
                            reviews",50 - 249,software,Clutch
99x Americas (formerly Nextly),https://99x.io/americas/services/tech-experts-americas/?utm_source=clutch.co/&utm_medium=referral&utm_campaign=developers,"Vitória, Brazil",5.0,"16
                        
                            reviews",50 - 249,software,Clutch
Boldare,https://go.boldare.com/your-development-partner/?utm_source=clutch.co&utm_medium=referral&utm_campaign=developers,"Gliwice, Poland",4.8,"56
                        
                            reviews",50 - 249,software,Clutch
STX Next,https://www.stxnext.com/services?utm_source=clutch.co&utm_medium=referral&utm_campaign=developers,"Poznań, Poland",4.7,"97
                        
                            reviews",250 - 999,software,Clutch
Vention,https://ventionteams.com/?utm_source=clutch&utm_medium=referral&utm_campaign=profile,"New York, NY",4.9,"92
                        
                            reviews","1,000 - 9,999",software,Clutch
Rootstrap,https://www.rootstrap.com/intro?utm_source=clutch.co&utm_medium=referral&utm_campaign=developers,"Beverly Hills, CA",4.8,"44
                        
                            reviews",250 - 999,software,Clutch
BEON.tech,https://beon.tech?utm_source=clutch.co&utm_medium=referral&utm_campaign=developers,"Buenos Aires, Argentina",4.9,"63
                        
                            reviews",50 - 249,software,Clutch
MindSea,https://mindsea.com/clutch-canada/?utm_source=clutch.co&utm_medium=referral&utm_campaign=developers,"Halifax, Canada",5.0,"37
                        
                            reviews",10 - 49,software,Clutch
Kanda Software,https://www.kandasoft.com/?utm_source=clutch.co&utm_medium=referral,"Newton, MA",4.9,"16
                        
                            reviews",250 - 999,software,Clutch
DBB Software,https://dbbsoftware.com/?utm_source=clutch.co&utm_medium=referral&utm_campaign=directory,"Kraków, Poland",5.0,"26
                        
                            reviews",50 - 249,software,Clutch
Talentica Software,https://www.talentica.com/?utm_source=clutch.co&utm_medium=referral&utm_campaign=directory,"Pune, India",4.6,"32
                        
                            reviews",250 - 999,software,Clutch
*instinctools,https://www.instinctools.com/software-development/?utm_source=clutch.co&utm_medium=referral&utm_campaign=developers,"Stuttgart, Germany",4.6,"28
                        
                            reviews",250 - 999,software,Clutch
INOXOFT,https://inoxoft.com/?utm_source=clutch.co&utm_medium=referral&utm_campaign=developers,"Newark, DE",,,50 - 249,software,Clutch
Yalantis,https://yalantis.com/?utm_source=clutch.co&utm_medium=referral&utm_campaign=developers,"Warszawa, Poland",,,250 - 999,software,Clutch
Simform,https://www.simform.com/top-software-development-company/?utm_source=clutch.co&utm_medium=sp-referral&utm_campaign=software-dev,"Orlando, FL",,,"1,000 - 9,999",software,Clutch
Cleveroad,https://www.cleveroad.com/offer/?utm_source=clutch.co&utm_medium=referral&utm_campaign=developers,"New York, NY",,,250 - 999,software,Clutch
Atomic Object,https://atomicobject.com/?utm_source=clutch.co&utm_medium=referral&utm_campaign=directory,"Grand Rapids, MI",,,50 - 249,software,Clutch
Geniusee,https://geniusee.com/?utm_source=Clutch&utm_medium=referral&utm_campaign=Sponsored_Top_Custom_Software_Development_Companies,"Warszawa, Poland",,,50 - 249,software,Clutch
BairesDev,https://www.bairesdev.com/lp/c/software-development/?utm_source=clutch.co&utm_medium=referral&utm_campaign=developers,"San Francisco, CA",,,"1,000 - 9,999",software,Clutch
You are launched,https://www.urlaunched.com/?utm_source=clutch.co&utm_medium=referral&utm_campaign=developers,"Limassol, Cyprus",,,50 - 249,software,Clutch
Future Processing,https://www.future-processing.com/performance-led-engineering/?utm_source=clutch.co&utm_medium=referral&utm_campaign=custom_dev,"Gliwice, Poland",,,250 - 999,software,Clutch
AgileEngine,https://agileengine.com/?utm_source=clutch.co&utm_medium=referral&utm_campaign=developers,"Boca Raton, FL",,,"1,000 - 9,999",software,Clutch
Cheesecake Labs,https://cheesecakelabs.com/?utm_source=clutch.co&utm_medium=referral&utm_campaign=developers,"San Francisco, CA",,,50 - 249,software,Clutch
Sigma Software Group,https://sigma.software/?utm_source=clutch.co&utm_medium=referral&utm_campaign=directory,"L'viv, Ukraine",,,"1,000 - 9,999",software,Clutch
Accedia,https://accedia.com/contacts-accedia/?utm_source=clutch.co&utm_medium=referral&utm_campaign=developers,"Sofia, Bulgaria",,,250 - 999,software,Clutch
Saritasa,https://www.saritasa.com/custom-software-development?utm_source=clutch.co&utm_medium=referral&utm_campaign=developers,"Newport Beach, CA",,,50 - 249,software,Clutch
Osedea,https://www.osedea.com/landing/software-development/?utm_source=clutch.co&utm_medium=referral&utm_campaign=developers,"Montréal, Canada",,,50 - 249,software,Clutch
Orases,https://orases.com/?utm_source=clutch.co&utm_medium=referral&utm_campaign=developers,"Frederick, MD",,,50 - 249,software,Clutch
Django Stars,https://djangostars.com/top-ranked-software-development-company-clutch/,"Kyiv, Ukraine",,,50 - 249,software,Clutch
"Six Feet Up, Inc.",https://sixfeetup.com/?utm_source=clutch.co&utm_medium=referral&utm_campaign=directory,"Fishers, IN",,,10 - 49,software,Clutch
Vega IT,https://www.vegaitglobal.com/digital-product-development-and-system-integration-services-company,"Novi Sad, Serbia",,,250 - 999,software,Clutch
Leobit,https://leobit.com/?utm_source=clutch.co&utm_medium=referral&utm_campaign=developers,"L'viv, Ukraine",,,50 - 249,software,Clutch
KITRUM,https://kitrum.com/?utm_source=clutch.co&utm_medium=referral&utm_campaign=directory,"Tampa, FL",,,250 - 999,software,Clutch
Diffco,https://diffco.us/?utm_source=clutch.co&utm_medium=referral&utm_campaign=developers,"San Jose, CA",,,50 - 249,software,Clutch
Merixstudio,https://www.merixstudio.com/?utm_source=clutch&utm_medium=referral&utm_campaign=software-developers,"Poznań, Poland",,,50 - 249,software,Clutch
Infinum,https://infinum.com/clutch-lp/?utm_source=clutch.co&utm_medium=referral&utm_campaign=developers,"New York, NY",,,250 - 999,software,Clutch
Onix-Systems,https://onix-systems.com/?utm_source=clutch.co&utm_medium=referral&utm_campaign=directory,"Kropyvnytskyi, Ukraine",,,250 - 999,software,Clutch
GeekyAnts,https://geekyants.com/?utm_source=clutch.co&utm_medium=referral&utm_campaign=developers,"San Francisco, CA",,,250 - 999,software,Clutch
Newwave Solutions,https://newwavesolution.com/software-development-services/?utm_source=clutch.co&utm_medium=referral&utm_campaign=clutch_custom_software&utm_content=top_custom_software,"Hanoi, Vietnam",,,250 - 999,software,Clutch
Dualboot Partners,https://dualbootpartners.com/clutch/custom-software-development/?utm_source=clutch.co&utm_medium=referral&utm_campaign=developers,"Charlotte, NC",,,250 - 999,software,Clutch
Rootquotient,https://rootquotient.com/?utm_source=clutch.co&utm_medium=referral&utm_campaign=developers,"Toronto, Canada",,,50 - 249,software,Clutch
10Clouds,https://10clouds.com/clutch/work-with-us/?utm_source=clutch.co&utm_medium=referral&utm_campaign=developers,"Warszawa, Poland",,,50 - 249,software,Clutch
E29 Marketing,https://ppc.clutch.co/ppc/click/?s=eyJkZWNpc2lvbl9pZCI6ImQ1NWQ0MTFjLTcyM2EtNDc3MC1hODg3LTk2MzI4ZDM3ZGZhYSIsImltcHJlc3Npb25faWQiOiIxYzMzN2IyNy0yZjg3LTQ3NDktYjlmNS1lZGI4NzA0MDQxMjMiLCJwcm92aWRlcl9pZCI6ODk1MjA0LCJmZWF0dXJlZF9saXN0aW5nX2lkIjoyMywiZmVhdHVyZWRfcG9zaXRpb25faWQiOjI2MjQzNywicG9zaXRpb24iOjEsImlzX3Nwb3RsaWdodCI6ZmFsc2V9:1uOiRK:90oQZT6fvqlpiHs6LBiL5YQCl4NqnJTZgguuNiwNiDU,"Mill Valley, CA",4.9,"11
                        
                            reviews",10 - 49,marketing,Clutch
Codedesign,https://ppc.clutch.co/ppc/click/?s=eyJkZWNpc2lvbl9pZCI6ImQ1NWQ0MTFjLTcyM2EtNDc3MC1hODg3LTk2MzI4ZDM3ZGZhYSIsImltcHJlc3Npb25faWQiOiI3YWU1NWYxNy1iZjU4LTQ5MjktOTRiMy05NTE0ZTIwOWU4Y2QiLCJwcm92aWRlcl9pZCI6NzkyMzgsImZlYXR1cmVkX2xpc3RpbmdfaWQiOjIzLCJmZWF0dXJlZF9wb3NpdGlvbl9pZCI6MjQ4NDU0LCJwb3NpdGlvbiI6MiwiaXNfc3BvdGxpZ2h0IjpmYWxzZX0:1uOiRK:dVPET1w_LvjEQpa1oDjunfrZist5NT19039u4aMIhj0,"Lisboa, Portugal",4.8,"34
                        
                            reviews",50 - 249,marketing,Clutch
Hunter Digital Marketing,https://ppc.clutch.co/ppc/click/?s=eyJkZWNpc2lvbl9pZCI6ImQ1NWQ0MTFjLTcyM2EtNDc3MC1hODg3LTk2MzI4ZDM3ZGZhYSIsImltcHJlc3Npb25faWQiOiJmYmMxYThmMC0xNTQ3LTQ4OTUtODMzYS1iZGZkMGZhMGE4YjciLCJwcm92aWRlcl9pZCI6Mjc3Mzc0LCJmZWF0dXJlZF9saXN0aW5nX2lkIjoyMywiZmVhdHVyZWRfcG9zaXRpb25faWQiOjMwNTU4OSwicG9zaXRpb24iOjMsImlzX3Nwb3RsaWdodCI6ZmFsc2V9:1uOiRK:5TCjiy9NQ63kZjlJXCup4eT8pj6_t2VqSTGwhCRucr8,"New York, NY",4.9,"11
                        
                            reviews",10 - 49,marketing,Clutch
Big Leap,https://www.bigleap.com/?utm_medium=referral&utm_source=clutch&utm_campaign=digitalmarketing,"Lehi, UT",4.8,"92
                        
                            reviews",50 - 249,marketing,Clutch
Megaphone Marketing,https://megaphone.com.au/clutch-awards/?utm_source=clutch.co&utm_medium=referral&utm_campaign=directory,"Cremorne, Australia",4.7,"100
                        
                            reviews",50 - 249,marketing,Clutch
Disruptive Advertising,https://ppc.clutch.co/ppc/click/?s=eyJkZWNpc2lvbl9pZCI6ImQ1NWQ0MTFjLTcyM2EtNDc3MC1hODg3LTk2MzI4ZDM3ZGZhYSIsImltcHJlc3Npb25faWQiOiI2MjJlMDdlNi02N2U5LTQzNTQtYjI4MS03NTYwNmY0Yzk0NjgiLCJwcm92aWRlcl9pZCI6MTAyMzA5LCJmZWF0dXJlZF9saXN0aW5nX2lkIjoyMywiZmVhdHVyZWRfcG9zaXRpb25faWQiOjI4OTY1MiwicG9zaXRpb24iOjQsImlzX3Nwb3RsaWdodCI6ZmFsc2V9:1uOiRK:ljPqVVISbVdm5gFVRS0tugEC67S-puFbjZFjpMdmp4c,"Pleasant Grove, UT",4.8,"358
                        
                            reviews",50 - 249,marketing,Clutch
Intero Digital,https://ppc.clutch.co/ppc/click/?s=eyJkZWNpc2lvbl9pZCI6ImQ1NWQ0MTFjLTcyM2EtNDc3MC1hODg3LTk2MzI4ZDM3ZGZhYSIsImltcHJlc3Npb25faWQiOiI3MzJjYWY0YS03NTYwLTRjMmYtOWJiOS1hZmEwYWQyMGIwNGEiLCJwcm92aWRlcl9pZCI6MTMxMDQ5LCJmZWF0dXJlZF9saXN0aW5nX2lkIjoyMywiZmVhdHVyZWRfcG9zaXRpb25faWQiOjIzOTQ0MiwicG9zaXRpb24iOjUsImlzX3Nwb3RsaWdodCI6ZmFsc2V9:1uOiRK:Bx_FGobEkwl9L80h61yOgBIjnKpIfhFggeFDF9lV4Zk,"Colorado Springs, CO",4.9,"138
                        
                            reviews",250 - 999,marketing,Clutch
Search Engine People,https://ppc.clutch.co/ppc/click/?s=eyJkZWNpc2lvbl9pZCI6ImQ1NWQ0MTFjLTcyM2EtNDc3MC1hODg3LTk2MzI4ZDM3ZGZhYSIsImltcHJlc3Npb25faWQiOiI2Zjk1MWE2YS02YWIwLTRhODYtYTYwZC1lOGZkOTFlZDQ4NmUiLCJwcm92aWRlcl9pZCI6Mjg2MzY2LCJmZWF0dXJlZF9saXN0aW5nX2lkIjoyMywiZmVhdHVyZWRfcG9zaXRpb25faWQiOjIzNjkwOSwicG9zaXRpb24iOjYsImlzX3Nwb3RsaWdodCI6ZmFsc2V9:1uOiRK:IgFLpHOehZkblVbozk62qtgK7B_jZ3zkOwlKjOuXoco,"Toronto, Canada",4.9,"43
                        
                            reviews",50 - 249,marketing,Clutch
MONSOON,https://monsoon.agency/?utm_source=clutch.co&utm_medium=referral?utm_campaign=profile,"Berlin, Germany",4.9,"41
                        
                            reviews",10 - 49,marketing,Clutch
Gen3 Marketing,https://gen3marketing.com?utm_source=clutch.co&utm_medium=referral&utm_campaign=agencies-digital-marketing,"Blue Bell, PA",4.9,"15
                        
                            reviews",50 - 249,marketing,Clutch
Flying V Group,https://flyingvgroup.com/?utm_source=clutch.co&utm_medium=referral&utm_campaign=agencies-digital-marketing,"Irvine, CA",5.0,"27
                        
                            reviews",10 - 49,marketing,Clutch
Konstruct Digital,https://www.konstructdigital.com/?utm_source=clutch.co&utm_medium=referral&utm_campaign=agencies-digital-marketing,"Calgary, Canada",4.9,"58
                        
                            reviews",10 - 49,marketing,Clutch
Silverback Strategies,http://silverbackstrategies.com/?utm_source=clutch.co&utm_medium=referral&utm_campaign=digital-marketing,"Arlington, VA",4.8,"25
                        
                            reviews",50 - 249,marketing,Clutch
Ninja Promo,https://ppc.clutch.co/ppc/click/?s=eyJkZWNpc2lvbl9pZCI6ImQ1NWQ0MTFjLTcyM2EtNDc3MC1hODg3LTk2MzI4ZDM3ZGZhYSIsImltcHJlc3Npb25faWQiOiIyNjZhYzI3OS1jNjM3LTQzMGUtYmFlZS00ZjA1YmE4Njk2ODQiLCJwcm92aWRlcl9pZCI6Njc1NTE0LCJmZWF0dXJlZF9saXN0aW5nX2lkIjoyMywiZmVhdHVyZWRfcG9zaXRpb25faWQiOjIzOTE2NCwicG9zaXRpb24iOjcsImlzX3Nwb3RsaWdodCI6ZmFsc2V9:1uOiRK:VuNaEabP0rTMmBqo2dzG7Crpih4A7UUG97PCsSPcUPc,"New York, NY",4.8,"56
                        
                            reviews",50 - 249,marketing,Clutch
ScaledOn,https://ppc.clutch.co/ppc/click/?s=eyJkZWNpc2lvbl9pZCI6ImQ1NWQ0MTFjLTcyM2EtNDc3MC1hODg3LTk2MzI4ZDM3ZGZhYSIsImltcHJlc3Npb25faWQiOiI2NzNlMjk2ZS01ZjhmLTQ3YTItYWZlOS1lYmYyYTkzOGY1ZDEiLCJwcm92aWRlcl9pZCI6NTQ4Nzk1LCJmZWF0dXJlZF9saXN0aW5nX2lkIjoyMywiZmVhdHVyZWRfcG9zaXRpb25faWQiOjMwNDQxOSwicG9zaXRpb24iOjgsImlzX3Nwb3RsaWdodCI6ZmFsc2V9:1uOiRK:ZCGB8_jbBEv4ZboFaG4XIIQ0UrHCXe2-_pZn0r6A5dA,"Portsmouth, NH",4.9,"7
                        
                            reviews",10 - 49,marketing,Clutch
Delante,https://ppc.clutch.co/ppc/click/?s=eyJkZWNpc2lvbl9pZCI6ImQ1NWQ0MTFjLTcyM2EtNDc3MC1hODg3LTk2MzI4ZDM3ZGZhYSIsImltcHJlc3Npb25faWQiOiI1YTc2NDVlOS0wOGZhLTRmZmEtYjUyOC02YzlkYzQ5YzFlNzciLCJwcm92aWRlcl9pZCI6NDU5MTAsImZlYXR1cmVkX2xpc3RpbmdfaWQiOjIzLCJmZWF0dXJlZF9wb3NpdGlvbl9pZCI6MzAwNDQ1LCJwb3NpdGlvbiI6OSwiaXNfc3BvdGxpZ2h0IjpmYWxzZX0:1uOiRK:VCNwgsSkeWkSGlwrH03Yve4sp5mkX4pPFVT5yBPbKR0,"Kraków, Poland",4.9,"146
                        
                            reviews",50 - 249,marketing,Clutch
Digital Dot,https://digitaldot.com,"New York, NY",5.0,"12
                        
                            reviews",50 - 249,marketing,Clutch
KlientBoost,https://klientboost.com?utm_source=clutch.co&utm_medium=referral&utm_campaign=agencies-digital-marketing,"Costa Mesa, CA",4.9,"393
                        
                            reviews",50 - 249,marketing,Clutch
Major Tom,https://ppc.clutch.co/ppc/click/?s=eyJkZWNpc2lvbl9pZCI6ImQ1NWQ0MTFjLTcyM2EtNDc3MC1hODg3LTk2MzI4ZDM3ZGZhYSIsImltcHJlc3Npb25faWQiOiJlYjg1ZGIyOC00YzRmLTRlMzItYjBiNC03ZjM4YzYzZDU5ODIiLCJwcm92aWRlcl9pZCI6MzUzMjIsImZlYXR1cmVkX2xpc3RpbmdfaWQiOjIzLCJmZWF0dXJlZF9wb3NpdGlvbl9pZCI6MjcyNzA4LCJwb3NpdGlvbiI6MTAsImlzX3Nwb3RsaWdodCI6ZmFsc2V9:1uOiRK:o7nhnn_0-1F88xLhxWDy57gpUMWydrg-eJqUeHgZOjA,"Toronto, Canada",4.8,"43
                        
                            reviews",50 - 249,marketing,Clutch
farsiight,https://ppc.clutch.co/ppc/click/?s=eyJkZWNpc2lvbl9pZCI6ImQ1NWQ0MTFjLTcyM2EtNDc3MC1hODg3LTk2MzI4ZDM3ZGZhYSIsImltcHJlc3Npb25faWQiOiIyM2MyZTQxYi0zNmFlLTQ3ODgtOTg4Ni05Yjk4Y2ZmMWMxMzIiLCJwcm92aWRlcl9pZCI6OTQ4MjA1LCJmZWF0dXJlZF9saXN0aW5nX2lkIjoyMywiZmVhdHVyZWRfcG9zaXRpb25faWQiOjI5Mzk1NiwicG9zaXRpb24iOjExLCJpc19zcG90bGlnaHQiOmZhbHNlfQ:1uOiRK:mDbB846fewG9886Q5L7LMCdXVACbSGAQMIMtPuiXYag,"South Brisbane, Australia",5.0,"76
                        
                            reviews",10 - 49,marketing,Clutch
BrandLume Inc.,https://ppc.clutch.co/ppc/click/?s=eyJkZWNpc2lvbl9pZCI6ImQ1NWQ0MTFjLTcyM2EtNDc3MC1hODg3LTk2MzI4ZDM3ZGZhYSIsImltcHJlc3Npb25faWQiOiJlZGQ2NWM4ZC1kMjliLTQyODUtYWU2NC1iOTUxZjg3NjU5OWIiLCJwcm92aWRlcl9pZCI6ODkxODM1LCJmZWF0dXJlZF9saXN0aW5nX2lkIjoyMywiZmVhdHVyZWRfcG9zaXRpb25faWQiOjI3Njg3NiwicG9zaXRpb24iOjEyLCJpc19zcG90bGlnaHQiOmZhbHNlfQ:1uOiRK:8yDCUgh2mY9vzqvuxfUqXYWoPExOAL42Av7c-wCTbbg,"Toronto, Canada",5.0,"81
                        
                            reviews",50 - 249,marketing,Clutch
Socium Media,https://www.sociummedia.com/clutch-socium-media/?utm_source=clutch.co&utm_medium=referral&utm_campaign=agencies-digital-marketing,"New York, NY",4.9,"28
                        
                            reviews",10 - 49,marketing,Clutch
Brafton,https://www.brafton.com/,"Boston, MA",4.9,"39
                        
                            reviews",50 - 249,marketing,Clutch
RankFast,https://ppc.clutch.co/ppc/click/?s=eyJkZWNpc2lvbl9pZCI6ImQ1NWQ0MTFjLTcyM2EtNDc3MC1hODg3LTk2MzI4ZDM3ZGZhYSIsImltcHJlc3Npb25faWQiOiI2MzY2OWZlMy0wYWM2LTRkOGQtOTVmZi02MGYyNjU4YjVjNzQiLCJwcm92aWRlcl9pZCI6MjE4NDM0NCwiZmVhdHVyZWRfbGlzdGluZ19pZCI6MjMsImZlYXR1cmVkX3Bvc2l0aW9uX2lkIjozMjEyNTQsInBvc2l0aW9uIjoxMywiaXNfc3BvdGxpZ2h0IjpmYWxzZX0:1uOiRK:jAuZc3W20UR-5vwk5geIxhbmxw7FCPUYGbm3QWBEgXY,"Chicago, IL",4.9,"32
                        
                            reviews",50 - 249,marketing,Clutch
Fasturtle,https://ppc.clutch.co/ppc/click/?s=eyJkZWNpc2lvbl9pZCI6ImQ1NWQ0MTFjLTcyM2EtNDc3MC1hODg3LTk2MzI4ZDM3ZGZhYSIsImltcHJlc3Npb25faWQiOiJiNmYwMTU5My02NzZjLTQ4MmMtYjBkYi1kY2QxMmE4ZjVhMzIiLCJwcm92aWRlcl9pZCI6MTg2MTQyLCJmZWF0dXJlZF9saXN0aW5nX2lkIjoyMywiZmVhdHVyZWRfcG9zaXRpb25faWQiOjI5MTQzNiwicG9zaXRpb24iOjE0LCJpc19zcG90bGlnaHQiOmZhbHNlfQ:1uOiRK:NKGBvtdypSDGTrMeIHKnzZQnTtSTq5N1Q9Zc6LR-W0o,"Phoenix, AZ",4.9,"10
                        
                            reviews",10 - 49,marketing,Clutch
Megaphone Marketing,https://ppc.clutch.co/ppc/click/?s=eyJkZWNpc2lvbl9pZCI6ImQ1NWQ0MTFjLTcyM2EtNDc3MC1hODg3LTk2MzI4ZDM3ZGZhYSIsImltcHJlc3Npb25faWQiOiI3YzgwMDkwYi0zZDZiLTQ0MjAtYTRlNC1jMTU3MDlmZjQ5ZTciLCJwcm92aWRlcl9pZCI6Nzg5OTQ0LCJmZWF0dXJlZF9saXN0aW5nX2lkIjoyMywiZmVhdHVyZWRfcG9zaXRpb25faWQiOjI4MDI4NywicG9zaXRpb24iOjE1LCJpc19zcG90bGlnaHQiOmZhbHNlfQ:1uOiRK:eX0U19daTBOkmubQu_r50fpmmeef3iek8mq4xFOLTIk,"Cremorne, Australia",4.7,"100
                        
                            reviews",50 - 249,marketing,Clutch
eAccountable,https://www.eaccountable.com/,"Denver, CO",4.9,"23
                        
                            reviews",10 - 49,marketing,Clutch
Marketing Link,https://marketing.link/?utm_source=clutch.co&utm_medium=referral&utm_campaign=agencies-digital-marketing,"Tampa, FL",5.0,"21
                        
                            reviews",10 - 49,marketing,Clutch
Straight North,https://www.straightnorth.com/?sncid=2&utm_source=clutch&utm_medium=referral&utm_campaign=digital-marketing,"Chicago, IL",4.7,"131
                        
                            reviews",50 - 249,marketing,Clutch
Search Engine People,https://www.searchenginepeople.com?utm_source=clutch.co&utm_medium=referral&utm_campaign=agencies-digital-marketing,"Toronto, Canada",4.9,"43
                        
                            reviews",50 - 249,marketing,Clutch
Alconost Inc.,https://blog.alconost.com/en/clutch-alconost,"Alexandria, VA",4.8,"19
                        
                            reviews",250 - 999,marketing,Clutch
Firon Marketing,https://fironmarketing.com/,"New York, NY",5.0,"6
                        
                            reviews",10 - 49,marketing,Clutch
Fractl,http://www.frac.tl/,"Delray Beach, FL",4.7,"28
                        
                            reviews",50 - 249,marketing,Clutch
Social Media 55,https://www.socialmedia55.com/?utm_source=clutch.co&utm_medium=referral&utm_campaign=directory,"Toronto, Canada",5.0,"69
                        
                            reviews",10 - 49,marketing,Clutch
1o8,https://1o8.agency?utm_source=clutch.co&utm_medium=referral,"Chicago, IL",4.9,"47
                        
                            reviews",10 - 49,marketing,Clutch
Digital Nomads HQ,https://digitalnomadshq.com.au/?utm_source=clutch.co&utm_medium=referral&utm_campaign=directory,"Mooloolaba, Australia",4.9,"51
                        
                            reviews",10 - 49,marketing,Clutch
Soap Media,https://www.soapmedia.co.uk/?utm_source=clutch.co&utm_medium=referral&utm_campaign=directory,"Manchester, England",4.9,"28
                        
                            reviews",10 - 49,marketing,Clutch
Onya,https://onyamark.com/contact-us-clutch/?utm_source=clutch.co&utm_medium=referral&utm_campaign=agencies-digital-marketing,"Fishers, IN",4.9,"24
                        
                            reviews",10 - 49,marketing,Clutch
Delante,https://delante.co?utm_source=clutch.co&utm_medium=referral&utm_campaign=agencies-digital-marketing,"Kraków, Poland",4.9,"146
                        
                            reviews",50 - 249,marketing,Clutch
PageTraffic,https://www.pagetraffic.com/?utm_source=clutch.co&utm_medium=referral,"New Delhi, India",4.9,"92
                        
                            reviews",50 - 249,marketing,Clutch
LYFE Marketing,https://www.lyfemarketing.com/services/?utm_source=clutch.co&utm_medium=referral&utm_campaign=clutch&utm_content=clutch_digital_marketing,"Atlanta, GA",4.5,"125
                        
                            reviews",10 - 49,marketing,Clutch
"PartnerCentric, Inc.",https://partnercentric.com?utm_source=clutch.co&utm_medium=referral&utm_campaign=agencies-digital-marketing,"New York, NY",4.8,"25
                        
                            reviews",10 - 49,marketing,Clutch
KIPLAR,https://kiplar.agency/,"Sofia, Bulgaria",5.0,"24
                        
                            reviews",10 - 49,marketing,Clutch
AdToro,http://adtoroagency.com/?utm_source=clutch.co&utm_medium=referral&utm_campaign=directory-clutch,"Atlanta, GA",4.9,"24
                        
                            reviews",10 - 49,marketing,Clutch
Favoured,https://favoured.co.uk/?utm_source=clutch.co&utm_medium=referral&utm_campaign=Best-Digital-Marketing-Agencies-&-Services,"London, England",4.8,"29
                        
                            reviews",10 - 49,marketing,Clutch
Moburst,https://lp.moburst.com/digital_marketing/?utm_source=clutch.co&utm_medium=referral&utm_campaign=digital-marketing,"New York, NY",4.9,"39
                        
                            reviews",10 - 49,marketing,Clutch
Victorious,https://victorious.com/services/seo/?utm_campaign=Referral%20Sites&utm_source=clutch&utm_medium=digital-marketing-agencies,"San Francisco, CA",4.8,"112
                        
                            reviews",50 - 249,marketing,Clutch
JumpFly,https://www.jumpfly.com?utm_source=clutch.co&utm_medium=referral&utm_campaign=agencies-digital-marketing,"Hoffman Estates, IL",4.9,"86
                        
                            reviews",50 - 249,marketing,Clutch
icepop,https://www.icepop.co?utm_source=clutch.co&utm_medium=referral&utm_campaign=agencies-digital-marketing,"Beverly Hills, CA",5.0,"35
                        
                            reviews",10 - 49,marketing,Clutch
Rankings.io,https://rankings.io/?utm_source=clutch.co&utm_medium=referral&utm_campaign=directory,"Marion, IL",4.9,"85
                        
                            reviews",50 - 249,marketing,Clutch
WebSpero Solutions,https://www.webspero.com/contact-seo/?utm_source=clutch.co&utm_medium=referral&utm_campaign=clutch_profile,"Sahibzada Ajit Singh Nagar, India",5.0,"112
                        
                            reviews",50 - 249,marketing,Clutch
The SEO Works,https://www.seoworks.co.uk/?utm_source=clutch.co&utm_medium=referral&utm_campaign=digital-agencies,"Sheffield, England",4.8,"55
                        
                            reviews",10 - 49,marketing,Clutch
BrainDonors,http://www.braindonors.agency,"Amsterdam, Netherlands",4.8,"35
                        
                            reviews",10 - 49,marketing,Clutch
farsiight,https://farsiight.com/?utm_source=clutch.co&utm_medium=referral&utm_campaign=directory,"South Brisbane, Australia",5.0,"76
                        
                            reviews",10 - 49,marketing,Clutch
ATRIUM,https://atriumdigital.com/top-agency-on-clutch-lp/?utm_source=clutch.co&utm_medium=visit_website_cta&utm_campaign=directory_listing,"Edmonton, Canada",4.8,"29
                        
                            reviews",10 - 49,marketing,Clutch
Editorial.Link,https://editorial.link/,"Tallinn, Estonia",5.0,"75
                        
                            reviews",50 - 249,marketing,Clutch
Dragonfly Digital Marketing,https://dragonflydm.com/?utm_source=clutch.co&utm_medium=referral,"Baltimore, MD",5.0,"11
                        
                            reviews",2 - 9,marketing,Clutch
CAYK Marketing Inc.,https://www.cayk.ca/?utm_source=clutch.co&utm_medium=referral&utm_campaign=agencies-digital-marketing,"Calgary, Canada",5.0,"35
                        
                            reviews",10 - 49,marketing,Clutch
CEEK,http://www.ceek.co.uk?utm_source=clutch.co&utm_medium=referral&utm_campaign=agencies-digital-marketing,"Victoria, London, England",5.0,"7
                        
                            reviews",10 - 49,marketing,Clutch
Session Interactive,https://sessioninteractive.com/?utm_source=clutch.co&utm_medium=referral&utm_campaign=directory,"Denver, CO",5.0,"11
                        
                            reviews",10 - 49,marketing,Clutch
UAWC Agency,http://uawc.agency/?utm_source=clutch.co&utm_medium=referral&utm_campaign=directory,"Kyiv, Ukraine",5.0,"37
                        
                            reviews",10 - 49,marketing,Clutch
MeanPug Digital,https://www.meanpug.com/contact-us/?utm_source=clutch.co&utm_medium=referral&utm_campaign=directory,"Brooklyn, NY",5.0,"9
                        
                            reviews",10 - 49,marketing,Clutch
Chatterkick,http://chatterkick.com/?utm_source=clutch.co&utm_medium=referral&utm_campaign=directory,"Sioux City, IA",4.9,"31
                        
                            reviews",10 - 49,marketing,Clutch
Obility,http://www.obilityb2b.com?utm_source=clutch.co&utm_medium=referral&utm_campaign=agencies-digital-marketing,"Portland, OR",4.8,"26
                        
                            reviews",10 - 49,marketing,Clutch
SEO Brand,https://www.seobrand.com?utm_source=clutch.co&utm_medium=referral&utm_campaign=agencies-digital-marketing,"Boca Raton, FL",4.9,"92
                        
                            reviews",50 - 249,marketing,Clutch
Ignite Visibility,https://ignitevisibility.com/?utm_source=clutch.co&utm_medium=referral&utm_campaign=agencies-digital-marketing,"San Diego, CA",,,250 - 999,marketing,Clutch
EvenDigit,https://www.evendigit.com/ed-lp-clutch/?utm_source=clutch.co&utm_medium=referral&utm_campaign=agencies-digital-marketing,"Indore, India",,,50 - 249,marketing,Clutch
Ninja Promo,https://ninjapromo.io/services/digital-marketing-subscription/?utm_source=clutch&utm_medium=catalog&utm_campaign=free,"New York, NY",,,50 - 249,marketing,Clutch
Elit-Web,https://elit-web.com/digital-marketing-services/?utm_source=clutch.co&utm_medium=referral&utm_campaign=directory,"Arlington Heights, IL",,,250 - 999,marketing,Clutch
Black Propeller,https://blackpropeller.com?utm_source=clutch.co&utm_medium=referral&utm_campaign=agencies-digital-marketing,"Bel Air, MD",,,50 - 249,marketing,Clutch
SmartSites,https://www.smartsites.com/lp/digital-marketing-lp/?utm_source=clutch.co&utm_medium=referral&utm_campaign=agencies-digital-marketing,"Paramus, NJ",,,250 - 999,marketing,Clutch
Intero Digital,https://www.interodigital.com/meet-intero-digital-landing/?utm_source=clutch.co&utm_medium=referral&utm_campaign=digital-marketing,"Colorado Springs, CO",,,250 - 999,marketing,Clutch
UAMASTER,https://uamaster.com/?utm_source=clutch.co&utm_medium=referral&utm_campaign=agencies-digital-marketing,"Kyiv, Ukraine",,,10 - 49,marketing,Clutch
Mavlers,https://www.mavlers.com/digital-outsourcing-agency/?utm_source=clutch.co&utm_medium=directory&utm_campaign=digital_marketing_featured_listing,"Ahmedabad, India",,,"1,000 - 9,999",marketing,Clutch
Netpeak,https://netpeak.us/?utm_source=clutch.co&utm_medium=referral&utm_campaign=agencies-digital-marketing,"Odesa, Ukraine",,,250 - 999,marketing,Clutch
Volume Nine,https://www.v9digital.com/?utm_source=clutch.co&utm_medium=referral&utm_campaign=clutch,"Denver, CO",,,10 - 49,marketing,Clutch
Promodo,https://promodo.com/?utm_source=clutch.co&utm_medium=referral&utm_campaign=agencies-digital-marketing,"Lincoln, England",,,250 - 999,marketing,Clutch
HawkSEM,https://hawksem.com/?utm_source=clutch.co&utm_medium=referral&utm_campaign=agencies-digital-marketing,"Los Angeles, CA",,,50 - 249,marketing,Clutch
Inweb,https://inweb.ua/ua/,"Odesa, Ukraine",,,50 - 249,marketing,Clutch
Upward Engine,http://www.seowerkz.com/?utm_source=clutch&utm_medium=referral&utm_campaign=directory,"Riverton, UT",,,50 - 249,marketing,Clutch
Power Digital,https://powerdigitalmarketing.com/growthplan/?utm_source__c=thirdpartydirectory&utm_medium__c=clutch&utm_campaign__c=2024_third_party_directories&utm_content__c=agencies-digital-marketing,"San Diego, CA",,,250 - 999,marketing,Clutch
M3.agency,https://m3.agency/?utm_source=clutch.co&utm_medium=referral&utm_campaign=agencies-digital-marketing,"Birmingham, England",,,50 - 249,marketing,Clutch
OuterBox,https://www.outerboxdesign.com/digital-marketing/?utm_source=clutch.co&utm_medium=referral&utm_campaign=agencies-digital-marketing,"Copley, OH",,,250 - 999,marketing,Clutch
Verbsz Marketing,https://www.verbszmarketing.com?utm_source=clutch.co&utm_medium=referral&utm_campaign=agencies-digital-marketing,"Reston, VA",,,10 - 49,marketing,Clutch
WebFX,https://webfx.com/lp/digital-marketing-services/?utm_source=clutch.co&utm_medium=referral&utm_campaign=agencies-digital-marketing,"Harrisburg, PA",,,250 - 999,marketing,Clutch
Taktical Digital,https://taktical.co/clutch/?utm_source=clutch.co&utm_medium=referral&utm_campaign=directory,"New York, NY",,,10 - 49,marketing,Clutch
BlueTuskr,https://bluetuskr.com/?utm_source=clutch.co&utm_medium=referral&utm_campaign=clutch,"West Chester, PA",,,10 - 49,marketing,Clutch
OpenMoves,https://openmoves.com/?utm_source=clutch.co&utm_medium=referral&utm_campaign=agencies-digital-marketing,"Huntington, NY",,,10 - 49,marketing,Clutch
Let's Get Optimized,https://letsgetoptimized.com?utm_source=clutch.co&utm_medium=referral&utm_campaign=agencies-digital-marketing,"Toronto, Canada",,,10 - 49,marketing,Clutch
SimpleTiger LLC,https://www.simpletiger.com/,"Sarasota, FL",,,10 - 49,marketing,Clutch
ROAST,http://weareroast.com/?utm_source=clutch.co&utm_medium=referral&utm_campaign=directory,"London, England",,,50 - 249,marketing,Clutch
Softtrix Tech Solutions Private Limited,https://www.softtrix.com,"Sahibzada Ajit Singh Nagar, India",,,50 - 249,marketing,Clutch
Attrock,https://attrock.com/,,,,10 - 49,marketing,Clutch
GrowthHit,https://growthhit.com/?utm_source=clutch.co&utm_medium=referral&utm_campaign=directory,"Seattle, WA",,,50 - 249,marketing,Clutch
Visibility Gurus,https://visibilitygurus.com/,"Sahibzada Ajit Singh Nagar, India",,,10 - 49,marketing,Clutch
Unified Infotech,https://www.unifiedinfotech.net/?utm_source=referral&utm_medium=Goodfirms&utm_id=Goodfirms,"NYC, New York",5.0,(25 Reviews),50 - 249,software,goodfirms
SDLC Corp,https://sdlccorp.com/?utm_source=good-firms&utm_medium=listing&utm_campaign=homepage,"San Francisco, California",5.0,(129 Reviews),250 - 999,software,goodfirms
Closeloop Technologies,https://closeloop.com/services/custom-software-development/?utm_source=marketplace&utm_campaign=goodfirms,"Mountain View, California",5.0,(26 Reviews),50 - 249,software,goodfirms
instinctools,https://www.instinctools.com/?utm_source=goodfirms.co&utm_medium=referral&utm_campaign=profile,"Potomac, Maryland",4.9,(21 Reviews),250 - 999,software,goodfirms
Vention,https://ventionteams.com/software-development?utm_source=GoodFirms&utm_medium=referral,"NYC, New York",5.0,(7 Reviews),"1,000 - 9,999",software,goodfirms
OpenXcell,https://www.openxcell.com/custom-software-development-company/?utm_source=GoodFirms&utm_medium=Referral&utm_campaign=goodfirms-software-development-companies,"Las Vegas, Nevada",5.0,(76 Reviews),250 - 999,software,goodfirms
Naked Development,https://apps.nakeddev.com/goodfirms?utm_source=GoodFirms&utm_medium=referral,"Irvine, California",5.0,(11 Reviews),10 - 49,software,goodfirms
Utility,https://utility.agency/?utm_source=gf&utm_medium=lst&utm_campaign=dev,"NYC, New York",5.0,(15 Reviews),50 - 249,software,goodfirms
Snotor,https://snotor.pro/goodfirms-web-and-mobile-development/?utm_source=GoodFirms&utm_medium=referral,"NYC, New York",4.9,(30 Reviews),50 - 249,software,goodfirms
Appello Software,https://www.appello.com.au?utm_source=GoodFirms&utm_medium=referral,"NYC, New York",5.0,(12 Reviews),50 - 249,software,goodfirms
Plavno,https://plavno.io/?utm_source=goodfirms&utm_medium=goodfirms&utm_campaign=goodfirms,"San Francisco, California",5.0,(34 Reviews),50 - 249,software,goodfirms
KitRUM,http://kitrum.com/?utm_source=GoodFirms&utm_medium=referral,"Tampa, Florida",5.0,(14 Reviews),250 - 999,software,goodfirms
Gearheart,http://gearheart.io/?utm_source=GoodFirms&utm_medium=referral,"San Francisco, California",5.0,(8 Reviews),10 - 49,software,goodfirms
NEARSURE,https://nearsure.com/?utm_source=referral&utm_medium=organic&utm_campaign=linkbuilding,"Los Angeles, California",5.0,(1 Review),50 - 249,software,goodfirms
Saigon Technology,https://saigontechnology.com/?utm_source=GoodFirms&utm_medium=referral,"Reston, Virginia",5.0,(53 Reviews),250 - 999,software,goodfirms
"SharpQuest, Inc.",https://www.sharpquest.com/software-development-company/?utm_source=GoodFirms&utm_medium=referral,"Detroit, Michigan",4.9,(13 Reviews),10 - 49,software,goodfirms
Qualhon Informatics Pvt. Ltd.,https://qualhon.com/?utm_source=goodfirms&utm_medium=organic,"NYC, New York",5.0,(15 Reviews),50 - 249,software,goodfirms
Labrys,https://labrys.io/?utm_source=GoodFirms&utm_medium=GoodFirms,"San Francisco, California",5.0,(11 Reviews),10 - 49,software,goodfirms
Anadea,https://anadea.info/services/custom-software-development?utm_source=GoodFirms&utm_medium=referral,"Las Vegas, Nevada",5.0,(15 Reviews),50 - 249,software,goodfirms
inVerita,https://inveritasoft.com/?utm_source=goodfirms&utm_medium=listing&utm_campaign=company,"Austin, Texas",4.9,(20 Reviews),50 - 249,software,goodfirms
Rudra Innovative Software,https://www.rudrainnovative.com/custom-software-development/?utm_source=GoodFirms&utm_medium=referral,"London, United Kingdom",5.0,(12 Reviews),10 - 49,software,goodfirms
High Digital,https://www.highdigital.co.uk/services/software-development/?utm_source=GoodFirms&utm_medium=referral,"San Francisco, California",5.0,(9 Reviews),10 - 49,software,goodfirms
Inoxoft,https://inoxoft.com/?utm_source=GoodFirms&utm_medium=referral,"Philadelphia, Pennsylvania",5.0,(81 Reviews),50 - 249,software,goodfirms
Aristek Systems,http://aristeksystems.com?utm_source=GoodFirms&utm_medium=referral,"Irvine, California",5.0,(3 Reviews),50 - 249,software,goodfirms
Dualboot Partners,https://dualbootpartners.com/?utm_source=GoodFirms&utm_medium=referral,"Charlotte, North Carolina",5.0,(36 Reviews),250 - 999,software,goodfirms
Sapiensdev.com,https://www.sapiensdev.com?utm_source=GoodFirms&utm_medium=referral,"Austin, Texas",,,50 - 249,software,goodfirms
Leobit,https://leobit.com/?utm_source=goodfirms&utm_campaign=gf-sofware-dev,"Austin, Texas",5.0,(15 Reviews),50 - 249,software,goodfirms
i-hiddentalent,https://i-hiddentalent.com/?utm_source=GoodFirms&utm_medium=referral,"Newark, Delaware",5.0,(11 Reviews),10 - 49,software,goodfirms
TechRivo,https://techrivo.com/?utm_source=GoodFirms&utm_medium=referral,"NYC, New York",5.0,(4 Reviews),10 - 49,software,goodfirms
NaNLABS,https://www.nan-labs.com?utm_source=GoodFirms&utm_medium=referral,"New Jersey, New Jersey",4.9,(32 Reviews),10 - 49,software,goodfirms
Mifort Solutions,https://mifort.com?utm_source=GoodFirms&utm_medium=referral,"NYC, New York",5.0,(5 Reviews),10 - 49,software,goodfirms
Innostax Tech LLC,https://innostax.com/?utm_source=GoodFirms&utm_medium=referral,"Framingham, Massachusetts",5.0,(9 Reviews),50 - 249,software,goodfirms
Sketch Development Services,https://www.sketchdev.io/?utm_source=GoodFirms&utm_medium=referral,"Webster Groves, Missouri",5.0,(9 Reviews),10 - 49,software,goodfirms
Emizen Tech Pvt Ltd,https://emizentech.com/?utm_source=GoodFirms&utm_medium=referral,"Austin, Texas",5.0,(99 Reviews),50 - 249,software,goodfirms
SoluLab,https://www.solulab.com/custom-software-development-company/?utm_source=GoodFirms&utm_medium=CustomSoftwareDevelopmentCompany,"Los Angeles, California",5.0,(96 Reviews),250 - 999,software,goodfirms
SmartSites,https://www.smartsites.com/digital-marketing-lp/?utm_source=goodfirms&utm_medium=referral&utm_campaign=goodfirms,"New Jersey, New Jersey",4.9,(16 Reviews),50 - 249,digital-marketing,goodfirms
SEOValley Solutions Private Limited,http://www.seovalley.com/?utm_source=GoodFirms&utm_medium=referral,"San Francisco, California",4.6,(7 Reviews),50 - 249,digital-marketing,goodfirms
Sure Oak,https://sureoak.com/?utm_medium=referral&utm_source=good-firms&utm_campaign=top-digital-marketing-companies,"Brooklyn, New York",5.0,(17 Reviews),10 - 49,digital-marketing,goodfirms
Intero Digital,https://www.interodigital.com/?utm_source=GoodFirms&utm_medium=referral,"San Diego, California",4.9,(8 Reviews),50 - 249,digital-marketing,goodfirms
PageTraffic Inc,https://www.pagetraffic.com?utm_source=GoodFirms&utm_medium=referral,"Chicago, Illinois",5.0,(25 Reviews),50 - 249,digital-marketing,goodfirms
Fuel Online,https://fuelonline.com/?utm_source=GoodFirms&utm_medium=referral,"Boston, Massachusetts",,,10 - 49,digital-marketing,goodfirms
SEOTonic Web Solutions PVT. LTD.,http://www.seotonic.com/?utm_source=GoodFirms&utm_medium=referral,"Los Angeles, California",4.9,(10 Reviews),10 - 49,digital-marketing,goodfirms
intouch mena,https://www.intouchmena.com/?utm_source=GoodFirms&utm_medium=referral,"Jdeidet el Metn, Lebanon",5.0,(1 Review),10 - 49,digital-marketing,goodfirms
THATWARE LLP,https://thatware.co?utm_source=GoodFirms&utm_medium=referral,"Irving, Texas",4.3,(6 Reviews),50 - 249,digital-marketing,goodfirms
SDLC Corp,https://sdlccorp.com/?utm_source=good-firms&utm_medium=listing&utm_campaign=homepage,"San Francisco, California",5.0,(129 Reviews),250 - 999,digital-marketing,goodfirms
Actuate Media,https://www.actuatemedia.com/?utm_source=GoodFirms&utm_medium=referral,"Seattle, Washington",5.0,(1 Review),10 - 49,digital-marketing,goodfirms
Colormatics,https://www.colormatics.com/?utm_source=GoodFirms&utm_medium=referral,"Spokane, Washington",5.0,(26 Reviews),10 - 49,digital-marketing,goodfirms
Martal Group,https://martal.ca/?utm_source=goodfirms&utm_medium=referral&utm_campaign=bpo_profile,"San Francisco, California",5.0,(6 Reviews),50 - 249,digital-marketing,goodfirms
Qualhon Informatics Pvt. Ltd.,https://qualhon.com/digital-marketing/?utm_source=GoodFirms&utm_medium=referral,"NYC, New York",5.0,(15 Reviews),50 - 249,digital-marketing,goodfirms
Bird Marketing,https://bird.marketing?utm_source=goodfirms.co&utm_medium=referral&utm_campaign=digital-marketing,"NYC, New York",5.0,(61 Reviews),10 - 49,digital-marketing,goodfirms
Business Warriors | Digital Marketing Agency,https://businesswarriors.global/?utm_source=GoodFirms&utm_medium=referral,"NYC, New York",,,10 - 49,digital-marketing,goodfirms
Rankings.io,https://rankings.io/contact?utm_source=GoodFirms&utm_medium=referral,"Marion, Illinois",5.0,(7 Reviews),50 - 249,digital-marketing,goodfirms
SCARLET ROYAL,https://scarletroyal.ae/?utm_source=GoodFirms&utm_medium=referral,"Brandon, Florida",,,10 - 49,digital-marketing,goodfirms
Brick Marketing,https://www.brickmarketing.com/?utm_source=GoodFirms&utm_medium=referral,"Boston, Massachusetts",,,10 - 49,digital-marketing,goodfirms
Vserve Ebusiness Solutions,https://vservesolution.com/digital-marketing/?utm_source=GoodFirms&utm_medium=referral&utm_campaign=GoodFirms_profile,"NYC, New York",5.0,(12 Reviews),250 - 999,digital-marketing,goodfirms
SmartSites,https://www.smartsites.com/digital-marketing-lp/?utm_source=goodfirms&utm_medium=referral&utm_campaign=goodfirms,"New Jersey, New Jersey",4.9,(16 Reviews),50 - 249,social-media-marketing,goodfirms
SEOValley Solutions Private Limited,http://www.seovalley.com/?utm_source=GoodFirms&utm_medium=referral,"San Francisco, California",4.6,(7 Reviews),50 - 249,social-media-marketing,goodfirms
Intero Digital,https://www.interodigital.com/?utm_source=GoodFirms&utm_medium=referral,"San Diego, California",4.9,(8 Reviews),50 - 249,social-media-marketing,goodfirms
PageTraffic Inc,https://www.pagetraffic.com?utm_source=GoodFirms&utm_medium=referral,"Chicago, Illinois",5.0,(25 Reviews),50 - 249,social-media-marketing,goodfirms
Fuel Online,https://fuelonline.com/?utm_source=GoodFirms&utm_medium=referral,"Boston, Massachusetts",,,10 - 49,social-media-marketing,goodfirms
SEOTonic Web Solutions PVT. LTD.,http://www.seotonic.com/?utm_source=GoodFirms&utm_medium=referral,"Los Angeles, California",4.9,(10 Reviews),10 - 49,social-media-marketing,goodfirms
intouch mena,https://www.intouchmena.com/?utm_source=GoodFirms&utm_medium=referral,"Jdeidet el Metn, Lebanon",5.0,(1 Review),10 - 49,social-media-marketing,goodfirms
SDLC Corp,https://sdlccorp.com/?utm_source=good-firms&utm_medium=listing&utm_campaign=homepage,"San Francisco, California",5.0,(129 Reviews),250 - 999,social-media-marketing,goodfirms
Actuate Media,https://www.actuatemedia.com/?utm_source=GoodFirms&utm_medium=referral,"Seattle, Washington",5.0,(1 Review),10 - 49,social-media-marketing,goodfirms
Qualhon Informatics Pvt. Ltd.,https://qualhon.com/digital-marketing/?utm_source=GoodFirms&utm_medium=referral,"NYC, New York",5.0,(15 Reviews),50 - 249,social-media-marketing,goodfirms
Bird Marketing,https://bird.marketing/social-media/?utm_source=goodfirms.co&utm_medium=referral&utm_campaign=social-media,"NYC, New York",5.0,(61 Reviews),10 - 49,social-media-marketing,goodfirms
Business Warriors | Digital Marketing Agency,https://businesswarriors.global/?utm_source=GoodFirms&utm_medium=referral,"NYC, New York",,,10 - 49,social-media-marketing,goodfirms
Brick Marketing,https://www.brickmarketing.com/?utm_source=GoodFirms&utm_medium=referral,"Boston, Massachusetts",,,10 - 49,social-media-marketing,goodfirms
Vserve Ebusiness Solutions,https://vservesolution.com/digital-marketing/?utm_source=GoodFirms&utm_medium=referral&utm_campaign=GoodFirms_profile,"NYC, New York",5.0,(12 Reviews),250 - 999,social-media-marketing,goodfirms
