company_name,website,location,rating,no_reviews,employee_size,category,source
Unified Infotech,https://www.unifiedinfotech.net/?utm_source=referral&utm_medium=Goodfirms&utm_id=Goodfirms,"NYC, New York",5.0,(25 Reviews),50 - 249,software,goodfirms
SDLC Corp,https://sdlccorp.com/?utm_source=good-firms&utm_medium=listing&utm_campaign=homepage,"San Francisco, California",5.0,(129 Reviews),250 - 999,software,goodfirms
Closeloop Technologies,https://closeloop.com/services/custom-software-development/?utm_source=marketplace&utm_campaign=goodfirms,"Mountain View, California",5.0,(26 Reviews),50 - 249,software,goodfirms
instinctools,https://www.instinctools.com/?utm_source=goodfirms.co&utm_medium=referral&utm_campaign=profile,"Potomac, Maryland",4.9,(21 Reviews),250 - 999,software,goodfirms
Vention,https://ventionteams.com/software-development?utm_source=GoodFirms&utm_medium=referral,"NYC, New York",5.0,(7 Reviews),"1,000 - 9,999",software,goodfirms
OpenXcell,https://www.openxcell.com/custom-software-development-company/?utm_source=GoodFirms&utm_medium=Referral&utm_campaign=goodfirms-software-development-companies,"Las Vegas, Nevada",5.0,(76 Reviews),250 - 999,software,goodfirms
Naked Development,https://apps.nakeddev.com/goodfirms?utm_source=GoodFirms&utm_medium=referral,"Irvine, California",5.0,(11 Reviews),10 - 49,software,goodfirms
Utility,https://utility.agency/?utm_source=gf&utm_medium=lst&utm_campaign=dev,"NYC, New York",5.0,(15 Reviews),50 - 249,software,goodfirms
Snotor,https://snotor.pro/goodfirms-web-and-mobile-development/?utm_source=GoodFirms&utm_medium=referral,"NYC, New York",4.9,(30 Reviews),50 - 249,software,goodfirms
Appello Software,https://www.appello.com.au?utm_source=GoodFirms&utm_medium=referral,"NYC, New York",5.0,(12 Reviews),50 - 249,software,goodfirms
Plavno,https://plavno.io/?utm_source=goodfirms&utm_medium=goodfirms&utm_campaign=goodfirms,"San Francisco, California",5.0,(34 Reviews),50 - 249,software,goodfirms
SoluLab,https://www.solulab.com/custom-software-development-company/?utm_source=GoodFirms&utm_medium=CustomSoftwareDevelopmentCompany,"Los Angeles, California",5.0,(96 Reviews),250 - 999,software,goodfirms
KitRUM,http://kitrum.com/?utm_source=GoodFirms&utm_medium=referral,"Tampa, Florida",5.0,(14 Reviews),250 - 999,software,goodfirms
Gearheart,http://gearheart.io/?utm_source=GoodFirms&utm_medium=referral,"San Francisco, California",5.0,(8 Reviews),10 - 49,software,goodfirms
NEARSURE,https://nearsure.com/?utm_source=referral&utm_medium=organic&utm_campaign=linkbuilding,"Los Angeles, California",5.0,(1 Review),50 - 249,software,goodfirms
Saigon Technology,https://saigontechnology.com/?utm_source=GoodFirms&utm_medium=referral,"Reston, Virginia",5.0,(53 Reviews),250 - 999,software,goodfirms
"SharpQuest, Inc.",https://www.sharpquest.com/software-development-company/?utm_source=GoodFirms&utm_medium=referral,"Detroit, Michigan",4.9,(13 Reviews),10 - 49,software,goodfirms
Qualhon Informatics Pvt. Ltd.,https://qualhon.com/?utm_source=goodfirms&utm_medium=organic,"NYC, New York",5.0,(15 Reviews),50 - 249,software,goodfirms
Labrys,https://labrys.io/?utm_source=GoodFirms&utm_medium=GoodFirms,"San Francisco, California",5.0,(11 Reviews),10 - 49,software,goodfirms
Anadea,https://anadea.info/services/custom-software-development?utm_source=GoodFirms&utm_medium=referral,"Las Vegas, Nevada",5.0,(15 Reviews),50 - 249,software,goodfirms
inVerita,https://inveritasoft.com/?utm_source=goodfirms&utm_medium=listing&utm_campaign=company,"Austin, Texas",4.9,(20 Reviews),50 - 249,software,goodfirms
Rudra Innovative Software,https://www.rudrainnovative.com/custom-software-development/?utm_source=GoodFirms&utm_medium=referral,"London, United Kingdom",5.0,(12 Reviews),10 - 49,software,goodfirms
High Digital,https://www.highdigital.co.uk/services/software-development/?utm_source=GoodFirms&utm_medium=referral,"San Francisco, California",5.0,(9 Reviews),10 - 49,software,goodfirms
Inoxoft,https://inoxoft.com/?utm_source=GoodFirms&utm_medium=referral,"Philadelphia, Pennsylvania",5.0,(81 Reviews),50 - 249,software,goodfirms
Aristek Systems,http://aristeksystems.com?utm_source=GoodFirms&utm_medium=referral,"Irvine, California",5.0,(3 Reviews),50 - 249,software,goodfirms
Dualboot Partners,https://dualbootpartners.com/?utm_source=GoodFirms&utm_medium=referral,"Charlotte, North Carolina",5.0,(36 Reviews),250 - 999,software,goodfirms
Sapiensdev.com,https://www.sapiensdev.com?utm_source=GoodFirms&utm_medium=referral,"Austin, Texas",,,50 - 249,software,goodfirms
Leobit,https://leobit.com/?utm_source=goodfirms&utm_campaign=gf-sofware-dev,"Austin, Texas",5.0,(15 Reviews),50 - 249,software,goodfirms
i-hiddentalent,https://i-hiddentalent.com/?utm_source=GoodFirms&utm_medium=referral,"Newark, Delaware",5.0,(11 Reviews),10 - 49,software,goodfirms
TechRivo,https://techrivo.com/?utm_source=GoodFirms&utm_medium=referral,"NYC, New York",5.0,(4 Reviews),10 - 49,software,goodfirms
NaNLABS,https://www.nan-labs.com?utm_source=GoodFirms&utm_medium=referral,"New Jersey, New Jersey",4.9,(32 Reviews),10 - 49,software,goodfirms
Mifort Solutions,https://mifort.com?utm_source=GoodFirms&utm_medium=referral,"NYC, New York",5.0,(5 Reviews),10 - 49,software,goodfirms
Innostax Tech LLC,https://innostax.com/?utm_source=GoodFirms&utm_medium=referral,"Framingham, Massachusetts",5.0,(9 Reviews),50 - 249,software,goodfirms
Sketch Development Services,https://www.sketchdev.io/?utm_source=GoodFirms&utm_medium=referral,"Webster Groves, Missouri",,,10 - 49,software,goodfirms
Emizen Tech Pvt Ltd,https://emizentech.com/?utm_source=GoodFirms&utm_medium=referral,"Austin, Texas",5.0,(99 Reviews),50 - 249,software,goodfirms
SmartSites,https://www.smartsites.com/digital-marketing-lp/?utm_source=goodfirms&utm_medium=referral&utm_campaign=goodfirms,"New Jersey, New Jersey",4.9,(16 Reviews),50 - 249,digital-marketing,goodfirms
SEOValley Solutions Private Limited,http://www.seovalley.com/?utm_source=GoodFirms&utm_medium=referral,"San Francisco, California",4.6,(7 Reviews),50 - 249,digital-marketing,goodfirms
Sure Oak,https://sureoak.com/?utm_medium=referral&utm_source=good-firms&utm_campaign=top-digital-marketing-companies,"Brooklyn, New York",5.0,(17 Reviews),10 - 49,digital-marketing,goodfirms
Intero Digital,https://www.interodigital.com/?utm_source=GoodFirms&utm_medium=referral,"San Diego, California",4.9,(8 Reviews),50 - 249,digital-marketing,goodfirms
PageTraffic Inc,https://www.pagetraffic.com?utm_source=GoodFirms&utm_medium=referral,"Chicago, Illinois",5.0,(25 Reviews),50 - 249,digital-marketing,goodfirms
Fuel Online,https://fuelonline.com/?utm_source=GoodFirms&utm_medium=referral,"Boston, Massachusetts",,,10 - 49,digital-marketing,goodfirms
SEOTonic Web Solutions PVT. LTD.,http://www.seotonic.com/?utm_source=GoodFirms&utm_medium=referral,"Los Angeles, California",4.9,(10 Reviews),10 - 49,digital-marketing,goodfirms
intouch mena,https://www.intouchmena.com/?utm_source=GoodFirms&utm_medium=referral,"Jdeidet el Metn, Lebanon",5.0,(1 Review),10 - 49,digital-marketing,goodfirms
THATWARE LLP,https://thatware.co?utm_source=GoodFirms&utm_medium=referral,"Irving, Texas",4.3,(6 Reviews),50 - 249,digital-marketing,goodfirms
SDLC Corp,https://sdlccorp.com/?utm_source=good-firms&utm_medium=listing&utm_campaign=homepage,"San Francisco, California",5.0,(129 Reviews),250 - 999,digital-marketing,goodfirms
Actuate Media,https://www.actuatemedia.com/?utm_source=GoodFirms&utm_medium=referral,"Seattle, Washington",5.0,(1 Review),10 - 49,digital-marketing,goodfirms
Colormatics,https://www.colormatics.com/?utm_source=GoodFirms&utm_medium=referral,"Spokane, Washington",5.0,(26 Reviews),10 - 49,digital-marketing,goodfirms
Martal Group,https://martal.ca/?utm_source=goodfirms&utm_medium=referral&utm_campaign=bpo_profile,"San Francisco, California",5.0,(6 Reviews),50 - 249,digital-marketing,goodfirms
Qualhon Informatics Pvt. Ltd.,https://qualhon.com/digital-marketing/?utm_source=GoodFirms&utm_medium=referral,"NYC, New York",5.0,(15 Reviews),50 - 249,digital-marketing,goodfirms
Bird Marketing,https://bird.marketing?utm_source=goodfirms.co&utm_medium=referral&utm_campaign=digital-marketing,"NYC, New York",5.0,(61 Reviews),10 - 49,digital-marketing,goodfirms
Business Warriors | Digital Marketing Agency,https://businesswarriors.global/?utm_source=GoodFirms&utm_medium=referral,"NYC, New York",,,10 - 49,digital-marketing,goodfirms
Rankings.io,https://rankings.io/contact?utm_source=GoodFirms&utm_medium=referral,"Marion, Illinois",5.0,(7 Reviews),50 - 249,digital-marketing,goodfirms
SCARLET ROYAL,https://scarletroyal.ae/?utm_source=GoodFirms&utm_medium=referral,"Brandon, Florida",,,10 - 49,digital-marketing,goodfirms
Brick Marketing,https://www.brickmarketing.com/?utm_source=GoodFirms&utm_medium=referral,"Boston, Massachusetts",,,10 - 49,digital-marketing,goodfirms
Vserve Ebusiness Solutions,https://vservesolution.com/digital-marketing/?utm_source=GoodFirms&utm_medium=referral&utm_campaign=GoodFirms_profile,"NYC, New York",5.0,(12 Reviews),250 - 999,digital-marketing,goodfirms
SmartSites,https://www.smartsites.com/digital-marketing-lp/?utm_source=goodfirms&utm_medium=referral&utm_campaign=goodfirms,"New Jersey, New Jersey",4.9,(16 Reviews),50 - 249,social-media-marketing,goodfirms
SEOValley Solutions Private Limited,http://www.seovalley.com/?utm_source=GoodFirms&utm_medium=referral,"San Francisco, California",4.6,(7 Reviews),50 - 249,social-media-marketing,goodfirms
Intero Digital,https://www.interodigital.com/?utm_source=GoodFirms&utm_medium=referral,"San Diego, California",4.9,(8 Reviews),50 - 249,social-media-marketing,goodfirms
PageTraffic Inc,https://www.pagetraffic.com?utm_source=GoodFirms&utm_medium=referral,"Chicago, Illinois",5.0,(25 Reviews),50 - 249,social-media-marketing,goodfirms
Fuel Online,https://fuelonline.com/?utm_source=GoodFirms&utm_medium=referral,"Boston, Massachusetts",,,10 - 49,social-media-marketing,goodfirms
SEOTonic Web Solutions PVT. LTD.,http://www.seotonic.com/?utm_source=GoodFirms&utm_medium=referral,"Los Angeles, California",4.9,(10 Reviews),10 - 49,social-media-marketing,goodfirms
intouch mena,https://www.intouchmena.com/?utm_source=GoodFirms&utm_medium=referral,"Jdeidet el Metn, Lebanon",5.0,(1 Review),10 - 49,social-media-marketing,goodfirms
SDLC Corp,https://sdlccorp.com/?utm_source=good-firms&utm_medium=listing&utm_campaign=homepage,"San Francisco, California",5.0,(129 Reviews),250 - 999,social-media-marketing,goodfirms
Actuate Media,https://www.actuatemedia.com/?utm_source=GoodFirms&utm_medium=referral,"Seattle, Washington",5.0,(1 Review),10 - 49,social-media-marketing,goodfirms
Qualhon Informatics Pvt. Ltd.,https://qualhon.com/digital-marketing/?utm_source=GoodFirms&utm_medium=referral,"NYC, New York",5.0,(15 Reviews),50 - 249,social-media-marketing,goodfirms
Bird Marketing,https://bird.marketing/social-media/?utm_source=goodfirms.co&utm_medium=referral&utm_campaign=social-media,"NYC, New York",5.0,(61 Reviews),10 - 49,social-media-marketing,goodfirms
Business Warriors | Digital Marketing Agency,https://businesswarriors.global/?utm_source=GoodFirms&utm_medium=referral,"NYC, New York",,,10 - 49,social-media-marketing,goodfirms
Brick Marketing,https://www.brickmarketing.com/?utm_source=GoodFirms&utm_medium=referral,"Boston, Massachusetts",,,10 - 49,social-media-marketing,goodfirms
Vserve Ebusiness Solutions,https://vservesolution.com/digital-marketing/?utm_source=GoodFirms&utm_medium=referral&utm_campaign=GoodFirms_profile,"NYC, New York",5.0,(12 Reviews),250 - 999,social-media-marketing,goodfirms
